{
  "resourceType" : "Bundle",
  "id" : "2d900f78-a038-4381-819c-08f65c350a21",
  "meta" : {
    "lastUpdated" : "2022-12-21T16:14:14.031+00:00"
  },
  "type" : "collection",
  "entry" : [{
    "fullUrl" : "http://hl7.eu/fhir/ig/gravitate-health-ips/ValueSet/PDcategoryVS",
    "resource" : {
      "resourceType" : "ValueSet",
      "id" : "PDcategoryVS",
      "text" : {
        "status" : "generated",
        "div" : "<div xmlns=\"http://www.w3.org/1999/xhtml\"><p>This value set contains 0 concepts</p><table class=\"codes\"><tr><td style=\"white-space:nowrap\"><b>Code</b></td><td><b>System</b></td><td><b>Display</b></td></tr></table></div>"
      },
      "url" : "http://hl7.eu/fhir/ig/gravitate-health-ips/ValueSet/PDcategoryVS",
      "version" : "0.1.0",
      "name" : "PDcategoryVS",
      "status" : "active",
      "date" : "2022-12-21T16:14:14+00:00",
      "contact" : [{
        "name" : "Gravitate Health Project",
        "telecom" : [{
          "system" : "url",
          "value" : "https://www.gravitatehealth.eu/"
        }]
      }],
      "expansion" : {
        "identifier" : "urn:uuid:18cfa470-d54e-4686-9a4a-2a35ebeed183",
        "timestamp" : "2022-12-21T16:14:46+00:00",
        "parameter" : [{
          "name" : "excludeNested",
          "valueBoolean" : false
        }]
      }
    }
  },
  {
    "fullUrl" : "http://hl7.eu/fhir/ig/gravitate-health-ips/ValueSet/PDtypeVS",
    "resource" : {
      "resourceType" : "ValueSet",
      "id" : "PDtypeVS",
      "text" : {
        "status" : "generated",
        "div" : "<div xmlns=\"http://www.w3.org/1999/xhtml\"><p>This value set contains 0 concepts</p><table class=\"codes\"><tr><td style=\"white-space:nowrap\"><b>Code</b></td><td><b>System</b></td><td><b>Display</b></td></tr></table></div>"
      },
      "url" : "http://hl7.eu/fhir/ig/gravitate-health-ips/ValueSet/PDtypeVS",
      "version" : "0.1.0",
      "name" : "PDtypeVS",
      "status" : "active",
      "date" : "2022-12-21T16:14:14+00:00",
      "contact" : [{
        "name" : "Gravitate Health Project",
        "telecom" : [{
          "system" : "url",
          "value" : "https://www.gravitatehealth.eu/"
        }]
      }],
      "expansion" : {
        "identifier" : "urn:uuid:d073557b-de4e-4d36-9574-ea71c036b202",
        "timestamp" : "2022-12-21T16:14:50+00:00",
        "parameter" : [{
          "name" : "excludeNested",
          "valueBoolean" : false
        }]
      }
    }
  }]
}