{
  "resourceType" : "Bundle",
  "id" : "cdbbc4e0-7a6b-47dc-a5b2-10bd6fd89bcf",
  "meta" : {
    "lastUpdated" : "2023-01-23T12:20:33.135+00:00"
  },
  "type" : "collection",
  "entry" : [{
    "fullUrl" : "http://hl7.eu/fhir/ig/gravitate-health-ips/ValueSet/PDtypeVS",
    "resource" : {
      "resourceType" : "ValueSet",
      "id" : "PDtypeVS",
      "text" : {
        "status" : "generated",
        "div" : "<div xmlns=\"http://www.w3.org/1999/xhtml\"><p>This value set contains 0 concepts</p><table class=\"codes\"><tr><td style=\"white-space:nowrap\"><b>Code</b></td><td><b>System</b></td><td><b>Display</b></td></tr></table></div>"
      },
      "url" : "http://hl7.eu/fhir/ig/gravitate-health-ips/ValueSet/PDtypeVS",
      "version" : "0.1.0",
      "name" : "PDtypeVS",
      "status" : "active",
      "date" : "2023-01-23T12:20:33+00:00",
      "contact" : [{
        "name" : "Gravitate Health Project",
        "telecom" : [{
          "system" : "url",
          "value" : "https://www.gravitatehealth.eu/"
        }]
      }],
      "expansion" : {
        "identifier" : "urn:uuid:ee6afa88-d149-41ae-af7d-19f93c33ec03",
        "timestamp" : "2023-01-23T12:21:00+00:00",
        "parameter" : [{
          "name" : "excludeNested",
          "valueBoolean" : false
        }]
      }
    }
  },
  {
    "fullUrl" : "http://hl7.eu/fhir/ig/gravitate-health-ips/ValueSet/PDcategoryVS",
    "resource" : {
      "resourceType" : "ValueSet",
      "id" : "PDcategoryVS",
      "text" : {
        "status" : "generated",
        "div" : "<div xmlns=\"http://www.w3.org/1999/xhtml\"><p>This value set contains 0 concepts</p><table class=\"codes\"><tr><td style=\"white-space:nowrap\"><b>Code</b></td><td><b>System</b></td><td><b>Display</b></td></tr></table></div>"
      },
      "url" : "http://hl7.eu/fhir/ig/gravitate-health-ips/ValueSet/PDcategoryVS",
      "version" : "0.1.0",
      "name" : "PDcategoryVS",
      "status" : "active",
      "date" : "2023-01-23T12:20:33+00:00",
      "contact" : [{
        "name" : "Gravitate Health Project",
        "telecom" : [{
          "system" : "url",
          "value" : "https://www.gravitatehealth.eu/"
        }]
      }],
      "expansion" : {
        "identifier" : "urn:uuid:67ab3b9d-1c61-44b8-af5e-987aaf35050d",
        "timestamp" : "2023-01-23T12:21:03+00:00",
        "parameter" : [{
          "name" : "excludeNested",
          "valueBoolean" : false
        }]
      }
    }
  }]
}