<?xml version="1.0" encoding="UTF-8"?>

<Bundle xmlns="http://hl7.org/fhir">
  <id value="2c664139-92b2-4e46-8a3a-4d22385c7f81"/>
  <meta>
    <lastUpdated value="2022-12-19T12:29:59.403+00:00"/>
  </meta>
  <type value="collection"/>
  <entry>
    <fullUrl value="http://hl7.eu/fhir/ig/gravitate-health-ips/ValueSet/PDcategoryVS"/>
    <resource>
      <ValueSet>
        <id value="PDcategoryVS"/>
        <text>
          <status value="generated"/>
          <div xmlns="http://www.w3.org/1999/xhtml">
            <p>This value set contains 0 concepts</p>
            <table class="codes">
              <tr>
                <td style="white-space:nowrap">
                  <b>Code</b>
                </td>
                <td>
                  <b>System</b>
                </td>
                <td>
                  <b>Display</b>
                </td>
              </tr>
            </table>
          </div>
        </text>
        <url value="http://hl7.eu/fhir/ig/gravitate-health-ips/ValueSet/PDcategoryVS"/>
        <version value="0.1.0"/>
        <name value="PDcategoryVS"/>
        <status value="active"/>
        <date value="2022-12-19T12:29:59+00:00"/>
        <contact>
          <name value="Gravitate Health Project"/>
          <telecom>
            <system value="url"/>
            <value value="https://www.gravitatehealth.eu/"/>
          </telecom>
        </contact>
        <expansion>
          <identifier value="urn:uuid:4b7c3509-14e7-4a66-81ed-5ef382aa4097"/>
          <timestamp value="2022-12-19T12:30:26+00:00"/>
          <parameter>
            <name value="excludeNested"/>
            <valueBoolean value="false"/>
          </parameter>
        </expansion>
      </ValueSet>
    </resource>
  </entry>
  <entry>
    <fullUrl value="http://hl7.eu/fhir/ig/gravitate-health-ips/ValueSet/PDtypeVS"/>
    <resource>
      <ValueSet>
        <id value="PDtypeVS"/>
        <text>
          <status value="generated"/>
          <div xmlns="http://www.w3.org/1999/xhtml">
            <p>This value set contains 0 concepts</p>
            <table class="codes">
              <tr>
                <td style="white-space:nowrap">
                  <b>Code</b>
                </td>
                <td>
                  <b>System</b>
                </td>
                <td>
                  <b>Display</b>
                </td>
              </tr>
            </table>
          </div>
        </text>
        <url value="http://hl7.eu/fhir/ig/gravitate-health-ips/ValueSet/PDtypeVS"/>
        <version value="0.1.0"/>
        <name value="PDtypeVS"/>
        <status value="active"/>
        <date value="2022-12-19T12:29:59+00:00"/>
        <contact>
          <name value="Gravitate Health Project"/>
          <telecom>
            <system value="url"/>
            <value value="https://www.gravitatehealth.eu/"/>
          </telecom>
        </contact>
        <expansion>
          <identifier value="urn:uuid:d67d92d2-abb9-495f-ab96-7cd8ec5a5e6c"/>
          <timestamp value="2022-12-19T12:30:29+00:00"/>
          <parameter>
            <name value="excludeNested"/>
            <valueBoolean value="false"/>
          </parameter>
        </expansion>
      </ValueSet>
    </resource>
  </entry>
</Bundle>