<?xml version="1.0" encoding="UTF-8"?>

<Bundle xmlns="http://hl7.org/fhir">
  <id value="3d7f0c1b-414d-4278-b634-37f1d9638cb6"/>
  <meta>
    <lastUpdated value="2022-12-19T11:40:17.122+00:00"/>
  </meta>
  <type value="collection"/>
  <entry>
    <fullUrl value="http://hl7.eu/fhir/ig/gravitate-health-ips/ValueSet/PDcategoryVS"/>
    <resource>
      <ValueSet>
        <id value="PDcategoryVS"/>
        <text>
          <status value="generated"/>
          <div xmlns="http://www.w3.org/1999/xhtml">
            <p>This value set contains 0 concepts</p>
            <table class="codes">
              <tr>
                <td style="white-space:nowrap">
                  <b>Code</b>
                </td>
                <td>
                  <b>System</b>
                </td>
                <td>
                  <b>Display</b>
                </td>
              </tr>
            </table>
          </div>
        </text>
        <url value="http://hl7.eu/fhir/ig/gravitate-health-ips/ValueSet/PDcategoryVS"/>
        <version value="0.1.0"/>
        <name value="PDcategoryVS"/>
        <status value="active"/>
        <date value="2022-12-19T11:40:17+00:00"/>
        <contact>
          <name value="Gravitate Health Project"/>
          <telecom>
            <system value="url"/>
            <value value="https://www.gravitatehealth.eu/"/>
          </telecom>
        </contact>
        <expansion>
          <identifier value="urn:uuid:cb4e57df-abb0-4a05-8800-688e08832033"/>
          <timestamp value="2022-12-19T11:40:45+00:00"/>
          <parameter>
            <name value="excludeNested"/>
            <valueBoolean value="false"/>
          </parameter>
        </expansion>
      </ValueSet>
    </resource>
  </entry>
  <entry>
    <fullUrl value="http://hl7.eu/fhir/ig/gravitate-health-ips/ValueSet/PDtypeVS"/>
    <resource>
      <ValueSet>
        <id value="PDtypeVS"/>
        <text>
          <status value="generated"/>
          <div xmlns="http://www.w3.org/1999/xhtml">
            <p>This value set contains 0 concepts</p>
            <table class="codes">
              <tr>
                <td style="white-space:nowrap">
                  <b>Code</b>
                </td>
                <td>
                  <b>System</b>
                </td>
                <td>
                  <b>Display</b>
                </td>
              </tr>
            </table>
          </div>
        </text>
        <url value="http://hl7.eu/fhir/ig/gravitate-health-ips/ValueSet/PDtypeVS"/>
        <version value="0.1.0"/>
        <name value="PDtypeVS"/>
        <status value="active"/>
        <date value="2022-12-19T11:40:17+00:00"/>
        <contact>
          <name value="Gravitate Health Project"/>
          <telecom>
            <system value="url"/>
            <value value="https://www.gravitatehealth.eu/"/>
          </telecom>
        </contact>
        <expansion>
          <identifier value="urn:uuid:d5aa91fc-025c-4967-9700-d85a881cf289"/>
          <timestamp value="2022-12-19T11:40:48+00:00"/>
          <parameter>
            <name value="excludeNested"/>
            <valueBoolean value="false"/>
          </parameter>
        </expansion>
      </ValueSet>
    </resource>
  </entry>
</Bundle>