<?xml version="1.0" encoding="UTF-8"?>

<Bundle xmlns="http://hl7.org/fhir">
  <id value="49a1ac10-bfb5-4596-abc3-28b92fcc4555"/>
  <meta>
    <lastUpdated value="2023-01-13T18:37:09.129+00:00"/>
  </meta>
  <type value="collection"/>
  <entry>
    <fullUrl value="http://hl7.eu/fhir/ig/gravitate-health-ips/ValueSet/PDcategoryVS"/>
    <resource>
      <ValueSet>
        <id value="PDcategoryVS"/>
        <text>
          <status value="generated"/>
          <div xmlns="http://www.w3.org/1999/xhtml">
            <p>This value set contains 0 concepts</p>
            <table class="codes">
              <tr>
                <td style="white-space:nowrap">
                  <b>Code</b>
                </td>
                <td>
                  <b>System</b>
                </td>
                <td>
                  <b>Display</b>
                </td>
              </tr>
            </table>
          </div>
        </text>
        <url value="http://hl7.eu/fhir/ig/gravitate-health-ips/ValueSet/PDcategoryVS"/>
        <version value="0.1.0"/>
        <name value="PDcategoryVS"/>
        <status value="active"/>
        <date value="2023-01-13T18:37:09+00:00"/>
        <contact>
          <name value="Gravitate Health Project"/>
          <telecom>
            <system value="url"/>
            <value value="https://www.gravitatehealth.eu/"/>
          </telecom>
        </contact>
        <expansion>
          <identifier value="urn:uuid:203531b5-4fa2-4866-8c2a-dfb2f214029b"/>
          <timestamp value="2023-01-13T18:37:48+00:00"/>
          <parameter>
            <name value="excludeNested"/>
            <valueBoolean value="false"/>
          </parameter>
        </expansion>
      </ValueSet>
    </resource>
  </entry>
  <entry>
    <fullUrl value="http://hl7.eu/fhir/ig/gravitate-health-ips/ValueSet/PDtypeVS"/>
    <resource>
      <ValueSet>
        <id value="PDtypeVS"/>
        <text>
          <status value="generated"/>
          <div xmlns="http://www.w3.org/1999/xhtml">
            <p>This value set contains 0 concepts</p>
            <table class="codes">
              <tr>
                <td style="white-space:nowrap">
                  <b>Code</b>
                </td>
                <td>
                  <b>System</b>
                </td>
                <td>
                  <b>Display</b>
                </td>
              </tr>
            </table>
          </div>
        </text>
        <url value="http://hl7.eu/fhir/ig/gravitate-health-ips/ValueSet/PDtypeVS"/>
        <version value="0.1.0"/>
        <name value="PDtypeVS"/>
        <status value="active"/>
        <date value="2023-01-13T18:37:09+00:00"/>
        <contact>
          <name value="Gravitate Health Project"/>
          <telecom>
            <system value="url"/>
            <value value="https://www.gravitatehealth.eu/"/>
          </telecom>
        </contact>
        <expansion>
          <identifier value="urn:uuid:0e8a7ad4-ce8a-492f-bdb8-438d2466f842"/>
          <timestamp value="2023-01-13T18:37:51+00:00"/>
          <parameter>
            <name value="excludeNested"/>
            <valueBoolean value="false"/>
          </parameter>
        </expansion>
      </ValueSet>
    </resource>
  </entry>
</Bundle>