{
  "resourceType" : "Bundle",
  "id" : "9ea36391-c4e3-45b2-ac8d-7a5144114734",
  "meta" : {
    "lastUpdated" : "2023-01-20T16:43:49.562+00:00"
  },
  "type" : "collection",
  "entry" : [{
    "fullUrl" : "http://hl7.eu/fhir/ig/gravitate-health-ips/ValueSet/PDtypeVS",
    "resource" : {
      "resourceType" : "ValueSet",
      "id" : "PDtypeVS",
      "text" : {
        "status" : "generated",
        "div" : "<div xmlns=\"http://www.w3.org/1999/xhtml\"><p>This value set contains 0 concepts</p><table class=\"codes\"><tr><td style=\"white-space:nowrap\"><b>Code</b></td><td><b>System</b></td><td><b>Display</b></td></tr></table></div>"
      },
      "url" : "http://hl7.eu/fhir/ig/gravitate-health-ips/ValueSet/PDtypeVS",
      "version" : "0.1.0",
      "name" : "PDtypeVS",
      "status" : "active",
      "date" : "2023-01-20T16:43:49+00:00",
      "contact" : [{
        "name" : "Gravitate Health Project",
        "telecom" : [{
          "system" : "url",
          "value" : "https://www.gravitatehealth.eu/"
        }]
      }],
      "expansion" : {
        "identifier" : "urn:uuid:acf2adb6-182d-471b-8d2c-ff1db5d8137e",
        "timestamp" : "2023-01-20T16:44:12+00:00",
        "parameter" : [{
          "name" : "excludeNested",
          "valueBoolean" : false
        }]
      }
    }
  },
  {
    "fullUrl" : "http://hl7.eu/fhir/ig/gravitate-health-ips/ValueSet/PDcategoryVS",
    "resource" : {
      "resourceType" : "ValueSet",
      "id" : "PDcategoryVS",
      "text" : {
        "status" : "generated",
        "div" : "<div xmlns=\"http://www.w3.org/1999/xhtml\"><p>This value set contains 0 concepts</p><table class=\"codes\"><tr><td style=\"white-space:nowrap\"><b>Code</b></td><td><b>System</b></td><td><b>Display</b></td></tr></table></div>"
      },
      "url" : "http://hl7.eu/fhir/ig/gravitate-health-ips/ValueSet/PDcategoryVS",
      "version" : "0.1.0",
      "name" : "PDcategoryVS",
      "status" : "active",
      "date" : "2023-01-20T16:43:49+00:00",
      "contact" : [{
        "name" : "Gravitate Health Project",
        "telecom" : [{
          "system" : "url",
          "value" : "https://www.gravitatehealth.eu/"
        }]
      }],
      "expansion" : {
        "identifier" : "urn:uuid:9fc59c88-fd1f-4023-889f-cbbedc71c734",
        "timestamp" : "2023-01-20T16:44:16+00:00",
        "parameter" : [{
          "name" : "excludeNested",
          "valueBoolean" : false
        }]
      }
    }
  }]
}