<?xml version="1.0" encoding="UTF-8"?>

<Composition xmlns="http://hl7.org/fhir">
  <id value="gravitate-ips-1"/>
  <text>
    <status value="extensions"/><div xmlns="http://www.w3.org/1999/xhtml">
  
    <b>Id:</b>
    gravitate-ips-1
  <br/>
  
    <b>status:</b>
    final
  <br/>
  
    <b>Type:</b>
    Patient summary Document
  <br/>
  
    <b>Subject:</b>
    <a>Example 1 Gravitate</a>
  

  <br/>
  <b>Sections:</b>
  <br/>

  <ul>
    
      <li>

        Allergies and Intolerances

      </li>
      <ul>

        

          <li>

            Hay fever (pollen)

          </li>
        
      </ul>

    
      <li>

        Problem List

      </li>
      <ul>

        

          <li>

            Psoriasis

          </li>
        

          <li>

            Hypertension

          </li>
        

          <li>

            Congestive heart failure

          </li>
        
      </ul>

    
      <li>

        Medication Summary

      </li>
      <ul>

        

          <li>

            Dimethyl fumarate 30 mg Gastro-resistant tablet

          </li>
        

          <li>

            Irbesartan 75 mg Tablet

          </li>
        

          <li>

            Oxymetazoline hydrochloride  0.05 mg / 1 ml Spray

          </li>
        

          <li>

            

          </li>
        
      </ul>

    
      <li>

        Pregnancy History

      </li>
      <ul>

        

          <li>

            Pregrancy Status

          </li>
        
      </ul>

    
  </ul>
</div>
  </text>
  <status value="final"/>
  <type>
    <coding>
      <system value="http://loinc.org"/>
      <code value="60591-5"/>
      <display value="Patient summary Document"/>
    </coding>
  </type>
  <subject>
    <reference value="urn:uuid:c154158f-6a43-4ab7-8443-e7f4bf915dd1"/>
    <display value="Example 1 Gravitate"/>
  </subject>
  <date value="2018-07-10T15:22:00+02:00"/>
  <author>
    <reference value="urn:uuid:1ece89c5-fda3-4db9-ace6-decbe6c603d1"/>
    <display value="Dr. Anna Karlsson"/>
  </author>
  <title value="Patient Summary (Maria Gravitate)"/>
  <confidentiality value="N"/>
  <section>
    <title value="Allergies and Intolerances"/>
    <code>
      <coding>
        <system value="http://loinc.org"/>
        <code value="48765-2"/>
        <display value="Allergies and adverse reactions Document"/>
      </coding>
    </code>
    <text>
      <status value="generated"/><div xmlns="http://www.w3.org/1999/xhtml"><ul><li>Hay fever (pollen)</li></ul></div>
    </text>
    <entry>
      <reference value="urn:uuid:1dff4474-fa08-4f45-8260-dbb23094bf01"/>
      <display value="Hay fever (pollen)"/>
    </entry>
  </section>
  <section>
    <title value="Problem List"/>
    <code>
      <coding>
        <system value="http://loinc.org"/>
        <code value="11450-4"/>
        <display value="Problem list Reported"/>
      </coding>
    </code>
    <text>
      <status value="generated"/><div xmlns="http://www.w3.org/1999/xhtml"><ul><li>Psoriasis</li><li>Hypertension</li><li>Congestive heart failure</li></ul></div>
    </text>
    <entry>
      <reference value="urn:uuid:bcc79261-142c-48ec-b032-f3f9af49ec51"/>
      <display value="Psoriasis"/>
    </entry>
    <entry>
      <reference value="urn:uuid:f06b7cf8-c15c-4288-a0f9-45a1026e5131"/>
      <display value="Hypertension"/>
    </entry>
    <entry>
      <reference value="urn:uuid:a4a9d90a-d1b0-4d60-82f0-c52343dc6251"/>
      <display value="Congestive heart failure"/>
    </entry>
  </section>
  <section>
    <title value="Medication Summary"/>
    <code>
      <coding>
        <system value="http://loinc.org"/>
        <code value="10160-0"/>
        <display value="Hx of Medication use"/>
      </coding>
    </code>
    <text>
      <status value="generated"/><div xmlns="http://www.w3.org/1999/xhtml"><table><thead><tr><th>Brand Name</th><th>MAN</th><th>Active Substance</th><th>Common Name</th><th>ATC</th><th>Strength</th><th>Dose Form</th><th>RoA</th></tr></thead><tbody><tr><td>Skilarence</td><td>EU/1/17/1201/001</td><td>dimethyl fumarate (FO2303MNI2)</td><td>dimethyl fumarate</td><td>L04AX07</td><td>30 mg</td><td>Gastro-resistant tablet</td><td>Oral use</td></tr><tr><td>Karvea</td><td>EMEA/H/C/000142</td><td>irbesartan (J0E2756Z7N)</td><td>irbesartan</td><td>C09DA04</td><td>75 mg</td><td>Tablet</td><td>Oral use</td></tr><tr><td>Boots Decongestant 0.05% w/v Nasal spray</td><td>PL 16028/0049</td><td>oxymetazoline hydrochloride (K89MJ0S5VY)</td><td>oxymetazoline hydrochloride</td><td>R01AA05</td><td>0.05 mg / 1 ml</td><td>Nasal spray, solution</td><td>Nasal use</td></tr></tbody></table></div>
    </text>
    <entry>
      <reference value="urn:uuid:29074ca4-efcb-4ff4-8446-feed2399a891"/>
      <display value="Dimethyl fumarate 30 mg Gastro-resistant tablet"/>
    </entry>
    <entry>
      <reference value="urn:uuid:f6cb1218-f81c-4338-80d8-3c10910f78f1"/>
      <display value="Irbesartan 75 mg Tablet"/>
    </entry>
    <entry>
      <reference value="urn:uuid:f26084c9-b1c8-46d9-acb2-1d400ade87b1"/>
      <display value="Oxymetazoline hydrochloride  0.05 mg / 1 ml Spray"/>
    </entry>
    <entry>
      <reference value="urn:uuid:5d129355-4b20-40d8-841f-7f93acbc3e61"/>
    </entry>
  </section>
  <section>
    <title value="Pregnancy History"/>
    <code>
      <coding>
        <system value="http://loinc.org"/>
        <code value="10162-6"/>
        <display value="History of pregnancies"/>
      </coding>
    </code>
    <text>
      <status value="generated"/><div xmlns="http://www.w3.org/1999/xhtml"><ul><li>Pregancy Status</li></ul></div>
    </text>
    <entry>
      <reference value="urn:uuid:e06e43a1-38d4-468f-8c35-f7f12da91061"/>
      <display value="Pregrancy Status"/>
    </entry>
  </section>
</Composition>