<?xml version="1.0" encoding="UTF-8"?>

<Condition xmlns="http://hl7.org/fhir">
  <id value="pedro-cond-2"/>
  <text>
    <status value="generated"/><div xmlns="http://www.w3.org/1999/xhtml"><p><b>Generated Narrative: Condition</b><a name="pedro-cond-2"> </a></p><div style="display: inline-block; background-color: #d9e0e7; padding: 6px; margin: 4px; border: 1px solid #8da1b4; border-radius: 5px; line-height: 60%"><p style="margin-bottom: 0px">Resource Condition &quot;pedro-cond-2&quot; </p></div><p><b>clinicalStatus</b>: Active <span style="background: LightGoldenRodYellow; margin: 4px; border: 1px solid khaki"> (<a href="http://terminology.hl7.org/5.0.0/CodeSystem-condition-clinical.html">Condition Clinical Status Codes</a>#active)</span></p><p><b>code</b>: Human immunodeficiency virus infection <span style="background: LightGoldenRodYellow; margin: 4px; border: 1px solid khaki"> (<a href="https://browser.ihtsdotools.org/">SNOMED CT</a>#86406008)</span></p><p><b>subject</b>: <a href="Patient-pedro-patient.html">Patient/pedro-patient: Pedro Gravitate</a> &quot; GRAVITATE&quot;</p><p><b>onset</b>: 2018</p><p><b>asserter</b>: <a href="Practitioner-pedro-pract.html">Practitioner/pedro-pract: Dr. Xavier García</a> &quot; GARCÍA&quot;</p></div>
  </text>
  <clinicalStatus>
    <coding>
      <system value="http://terminology.hl7.org/CodeSystem/condition-clinical"/>
      <code value="active"/>
    </coding>
  </clinicalStatus>
  <code>
    <coding>
      <system value="http://snomed.info/sct"/>
      <code value="86406008"/>
      <display value="Human immunodeficiency virus infection"/>
    </coding>
    <text value="Human immunodeficiency virus infection"/>
  </code>
  <subject>
    <reference value="Patient/pedro-patient"/>
    <display value="Pedro Gravitate"/>
  </subject>
  <onsetDateTime value="2018"/>
  <asserter>
    <reference value="Practitioner/pedro-pract"/>
    <display value="Dr. Xavier García"/>
  </asserter>
</Condition>