<?xml version="1.0" encoding="UTF-8"?>

<MedicationStatement xmlns="http://hl7.org/fhir">
  <id value="cecilia-med-stat-4"/>
  <text>
    <status value="generated"/><div xmlns="http://www.w3.org/1999/xhtml"><p><b>Generated Narrative: MedicationStatement</b><a name="cecilia-med-stat-4"> </a></p><div style="display: inline-block; background-color: #d9e0e7; padding: 6px; margin: 4px; border: 1px solid #8da1b4; border-radius: 5px; line-height: 60%"><p style="margin-bottom: 0px">Resource MedicationStatement &quot;cecilia-med-stat-4&quot; </p></div><p><b>status</b>: active</p><p><b>medication</b>: <a href="Medication-9ac3356c-4ea4-4814-84c3-235484f2ef19.html">Medication/9ac3356c-4ea4-4814-84c3-235484f2ef19: Oxymetazoline hydrochloride  0.05 mg / 1 ml Spray</a></p><p><b>subject</b>: <a href="Patient-cecilia-patient.html">Patient/cecilia-patient: Cecilia Gravitate</a> &quot; GRAVITATE&quot;</p><h3>Dosages</h3><table class="grid"><tr><td>-</td><td><b>Route</b></td></tr><tr><td>*</td><td>Nasal use <span style="background: LightGoldenRodYellow; margin: 4px; border: 1px solid khaki"> (standardterms.edqm.eu#20049000)</span></td></tr></table></div>
  </text>
  <status value="active"/>
  <medicationReference>
    <reference value="Medication/9ac3356c-4ea4-4814-84c3-235484f2ef19"/>
    <display value="Oxymetazoline hydrochloride  0.05 mg / 1 ml Spray"/>
  </medicationReference>
  <subject>
    <reference value="Patient/cecilia-patient"/>
    <display value="Cecilia Gravitate"/>
  </subject>
  <dosage>
    <route>
      <coding>
        <system value="http://standardterms.edqm.eu"/>
        <code value="20049000"/>
        <display value="Nasal use"/>
      </coding>
    </route>
  </dosage>
</MedicationStatement>