{
  "resourceType" : "Composition",
  "id" : "gravitate-Pedro",
  "text" : {
    "status" : "generated",
    "div" : "<div xmlns=\"http://www.w3.org/1999/xhtml\"><b>Id:</b> gravitate-Pedro<br/><b>status:</b> final<br/><b>Type:</b> Patient summary Document<br/><b>Subject:</b> Pedro Gravitate<br/><b>Sections:</b><br/><ul><li><b>Title:</b> Problem List<br/><b>Code:</b> Problem list Reported (11450-4)</li><br/><ul><li><b>Entry:</b> <a href=\"Condition-pedro-cond-1.html\">HIV</a></li><br/><li><b>Entry:</b> <a href=\"Condition-pedro-cond-2.html\">Depression</a></li><br/><li><b>Entry:</b> <a href=\"Condition-pedro-cond-3.html\">IBS</a></li><br/></ul><li><b>Title:</b> Medication Summary<br/><b>Code:</b> Hx of Medication use (10160-0)</li><br/><ul><li><b>Entry:</b> <a href=\"MedicationStatement-pedro-med-stat-1.html\">Dovato lamivudine and dolutegravir, 300 mg/50 mg</a></li><br/><li><b>Entry:</b> <a href=\"MedicationStatement-pedro-med-stat-2.html\">Mirtazapine 15 mg</a></li><br/><li><b>Entry:</b> <a href=\"MedicationStatement-pedro-med-stat-3.html\">Calcium carbonate 500 mg</a></li><br/><li><b>Entry:</b> <a href=\"MedicationStatement-pedro-med-stat-4.html\">Cinitrapide 1 mg</a></li><br/><li><b>Entry:</b> <a href=\"MedicationStatement-pedro-med-stat-5.html\">Collagen and magnesium supplements</a></li><br/><li><b>Entry:</b> <a href=\"MedicationStatement-pedro-med-stat-6.html\">Vitamin C supplements</a></li><br/><li><b>Entry:</b> <a href=\"MedicationStatement-pedro-med-stat-7.html\">Protein supplements</a></li><br/></ul></ul></div>"
  },
  "status" : "final",
  "type" : {
    "coding" : [{
      "system" : "http://loinc.org",
      "code" : "60591-5",
      "display" : "Patient summary Document"
    }]
  },
  "subject" : {
    "reference" : "Patient/pedro-patient",
    "display" : "Pedro Gravitate"
  },
  "date" : "2018-07-10T15:22:00+02:00",
  "author" : [{
    "reference" : "Practitioner/pedro-pract",
    "display" : "Dr. Anna Karlsson"
  }],
  "title" : "Patient Summary (Pedro Gravitate)",
  "confidentiality" : "N",
  "section" : [{
    "title" : "Problem List",
    "code" : {
      "coding" : [{
        "system" : "http://loinc.org",
        "code" : "11450-4",
        "display" : "Problem list Reported"
      }]
    },
    "entry" : [{
      "reference" : "Condition/pedro-cond-1",
      "display" : "HIV"
    },
    {
      "reference" : "Condition/pedro-cond-2",
      "display" : "Depression"
    },
    {
      "reference" : "Condition/pedro-cond-3",
      "display" : "IBS"
    }]
  },
  {
    "title" : "Medication Summary",
    "code" : {
      "coding" : [{
        "system" : "http://loinc.org",
        "code" : "10160-0",
        "display" : "Hx of Medication use"
      }]
    },
    "entry" : [{
      "reference" : "MedicationStatement/pedro-med-stat-1",
      "display" : "Dovato lamivudine and dolutegravir, 300 mg/50 mg"
    },
    {
      "reference" : "MedicationStatement/pedro-med-stat-2",
      "display" : "Mirtazapine 15 mg"
    },
    {
      "reference" : "MedicationStatement/pedro-med-stat-3",
      "display" : "Calcium carbonate 500 mg"
    },
    {
      "reference" : "MedicationStatement/pedro-med-stat-4",
      "display" : "Cinitrapide 1 mg"
    },
    {
      "reference" : "MedicationStatement/pedro-med-stat-5",
      "display" : "Collagen and magnesium supplements"
    },
    {
      "reference" : "MedicationStatement/pedro-med-stat-6",
      "display" : "Vitamin C supplements"
    },
    {
      "reference" : "MedicationStatement/pedro-med-stat-7",
      "display" : "Protein supplements"
    }]
  }]
}