{
  "resourceType" : "Composition",
  "id" : "ips-example-2",
  "text" : {
    "status" : "extensions",
    "div" : "<div xmlns=\"http://www.w3.org/1999/xhtml\">\n  \n    <b>Id:</b>\n    ips-example-2\n  <br/>\n  \n    <b>status:</b>\n    final\n  <br/>\n  \n    <b>Type:</b>\n    Patient summary Document\n  <br/>\n  \n    <b>Subject:</b>\n    <a>Maria Gravitate</a>\n  \n\n  <br/>\n  <b>Sections:</b>\n  <br/>\n\n  <ul>\n    \n      <li>\n\n        Allergies and Intolerances\n\n      </li>\n      <ul>\n\n        \n\n          <li>\n\n            Hay fever (pollen)\n\n          </li>\n        \n      </ul>\n\n    \n      <li>\n\n        Problem List\n\n      </li>\n      <ul>\n\n        \n\n          <li>\n\n            Psoriasis\n\n          </li>\n        \n\n          <li>\n\n            Hypertension\n\n          </li>\n        \n\n          <li>\n\n            Congestive heart failure\n\n          </li>\n        \n      </ul>\n\n    \n      <li>\n\n        Medication Summary\n\n      </li>\n      <ul>\n\n        \n\n          <li>\n\n            Dimethyl fumarate 30 mg Gastro-resistant tablet\n\n          </li>\n        \n\n          <li>\n\n            Irbesartan 75 mg Tablet\n\n          </li>\n        \n\n          <li>\n\n            Oxymetazoline hydrochloride  0.05 mg / 1 ml Spray\n\n          </li>\n        \n      </ul>\n\n    \n  </ul>\n</div>"
  },
  "status" : "final",
  "type" : {
    "coding" : [{
      "system" : "http://loinc.org",
      "code" : "60591-5",
      "display" : "Patient summary Document"
    }]
  },
  "subject" : {
    "reference" : "urn:uuid:c154158f-6a43-4ab7-8443-e7f4bf915dd3",
    "display" : "Maria Gravitate"
  },
  "date" : "2018-07-10T15:22:00+02:00",
  "author" : [{
    "reference" : "urn:uuid:1ece89c5-fda3-4db9-ace6-decbe6c603d3",
    "display" : "Dr. Anna Karlsson"
  }],
  "title" : "Patient Summary (Maria Gravitate)",
  "confidentiality" : "N",
  "section" : [{
    "title" : "Allergies and Intolerances",
    "code" : {
      "coding" : [{
        "system" : "http://loinc.org",
        "code" : "48765-2",
        "display" : "Allergies and adverse reactions Document"
      }]
    },
    "text" : {
      "status" : "generated",
      "div" : "<div xmlns=\"http://www.w3.org/1999/xhtml\"><ul><li>Hay fever (pollen)</li></ul></div>"
    },
    "entry" : [{
      "reference" : "urn:uuid:1dff4474-fa08-4f45-8260-dbb23094bf03",
      "display" : "Hay fever (pollen)"
    }]
  },
  {
    "title" : "Problem List",
    "code" : {
      "coding" : [{
        "system" : "http://loinc.org",
        "code" : "11450-4",
        "display" : "Problem list Reported"
      }]
    },
    "text" : {
      "status" : "generated",
      "div" : "<div xmlns=\"http://www.w3.org/1999/xhtml\"><ul><li>Psoriasis</li><li>Hypertension</li><li>Congestive heart failure</li></ul></div>"
    },
    "entry" : [{
      "reference" : "urn:uuid:bcc79261-142c-48ec-b032-f3f9af49ec53",
      "display" : "Psoriasis"
    },
    {
      "reference" : "urn:uuid:f06b7cf8-c15c-4288-a0f9-45a1026e5133",
      "display" : "Hypertension"
    },
    {
      "reference" : "urn:uuid:a4a9d90a-d1b0-4d60-82f0-c52343dc6253",
      "display" : "Congestive heart failure"
    }]
  },
  {
    "title" : "Medication Summary",
    "code" : {
      "coding" : [{
        "system" : "http://loinc.org",
        "code" : "10160-0",
        "display" : "Hx of Medication use"
      }]
    },
    "text" : {
      "status" : "generated",
      "div" : "<div xmlns=\"http://www.w3.org/1999/xhtml\"><table><thead><tr><th>Brand Name</th><th>MAN</th><th>Active Substance</th><th>Common Name</th><th>ATC</th><th>Strength</th><th>Dose Form</th><th>RoA</th></tr></thead><tbody><tr><td>Skilarence</td><td>EU/1/17/1201/001</td><td>dimethyl fumarate (FO2303MNI2)</td><td>dimethyl fumarate</td><td>L04AX07</td><td>30 mg</td><td>Gastro-resistant tablet</td><td>Oral use</td></tr><tr><td>Karvea</td><td>EMEA/H/C/000142</td><td>irbesartan (J0E2756Z7N)</td><td>irbesartan</td><td>C09DA04</td><td>75 mg</td><td>Tablet</td><td>Oral use</td></tr><tr><td>Boots Decongestant 0.05% w/v Nasal spray</td><td>PL 16028/0049</td><td>oxymetazoline hydrochloride (K89MJ0S5VY)</td><td>oxymetazoline hydrochloride</td><td>R01AA05</td><td>0.05 mg / 1 ml</td><td>Nasal spray, solution</td><td>Nasal use</td></tr></tbody></table></div>"
    },
    "entry" : [{
      "reference" : "urn:uuid:29074ca4-efcb-4ff4-8446-feed2399a893",
      "display" : "Dimethyl fumarate 30 mg Gastro-resistant tablet"
    },
    {
      "reference" : "urn:uuid:f6cb1218-f81c-4338-80d8-3c10910f78f3",
      "display" : "Irbesartan 75 mg Tablet"
    },
    {
      "reference" : "urn:uuid:f26084c9-b1c8-46d9-acb2-1d400ade87b3",
      "display" : "Oxymetazoline hydrochloride  0.05 mg / 1 ml Spray"
    }]
  }]
}