{
  "resourceType" : "Condition",
  "id" : "matilda-cond-1",
  "text" : {
    "status" : "generated",
    "div" : "<div xmlns=\"http://www.w3.org/1999/xhtml\"><p><b>Generated Narrative: Condition</b><a name=\"matilda-cond-1\"> </a></p><div style=\"display: inline-block; background-color: #d9e0e7; padding: 6px; margin: 4px; border: 1px solid #8da1b4; border-radius: 5px; line-height: 60%\"><p style=\"margin-bottom: 0px\">Resource Condition &quot;matilda-cond-1&quot; </p></div><p><b>clinicalStatus</b>: Active <span style=\"background: LightGoldenRodYellow; margin: 4px; border: 1px solid khaki\"> (<a href=\"http://terminology.hl7.org/5.0.0/CodeSystem-condition-clinical.html\">Condition Clinical Status Codes</a>#active)</span></p><p><b>code</b>: Crohn's disease <span style=\"background: LightGoldenRodYellow; margin: 4px; border: 1px solid khaki\"> (<a href=\"https://browser.ihtsdotools.org/\">SNOMED CT</a>#34000006)</span></p><p><b>subject</b>: <a href=\"Patient-matilda-patient.html\">Patient/matilda-patient: Matilda Gravitate</a> &quot; GRAVITATE&quot;</p><p><b>onset</b>: 2015</p><p><b>asserter</b>: <a href=\"Bundle-gravitate-helen.html#urn-uuid-45cd0bd4-f685-4117-a9f0-5c53fffb7266\">urn:uuid:45cd0bd4-f685-4117-a9f0-5c53fffb7266: Dr. Ana Lopez</a></p></div>"
  },
  "clinicalStatus" : {
    "coding" : [{
      "system" : "http://terminology.hl7.org/CodeSystem/condition-clinical",
      "code" : "active"
    }]
  },
  "code" : {
    "coding" : [{
      "system" : "http://snomed.info/sct",
      "code" : "34000006",
      "display" : "Crohn's disease"
    }],
    "text" : "Crohn's disease"
  },
  "subject" : {
    "reference" : "Patient/matilda-patient",
    "display" : "Matilda Gravitate"
  },
  "onsetDateTime" : "2015",
  "asserter" : {
    "reference" : "urn:uuid:45cd0bd4-f685-4117-a9f0-5c53fffb7266",
    "display" : "Dr. Ana Lopez"
  }
}