{
  "resourceType" : "Bundle",
  "id" : "99bb2ad1-6e28-4bfc-bc82-15396d066ceb",
  "meta" : {
    "lastUpdated" : "2022-12-21T15:23:43.214+00:00"
  },
  "type" : "collection",
  "entry" : [{
    "fullUrl" : "http://hl7.eu/fhir/ig/gravitate-health-ips/ValueSet/PDcategoryVS",
    "resource" : {
      "resourceType" : "ValueSet",
      "id" : "PDcategoryVS",
      "text" : {
        "status" : "generated",
        "div" : "<div xmlns=\"http://www.w3.org/1999/xhtml\"><p>This value set contains 0 concepts</p><table class=\"codes\"><tr><td style=\"white-space:nowrap\"><b>Code</b></td><td><b>System</b></td><td><b>Display</b></td></tr></table></div>"
      },
      "url" : "http://hl7.eu/fhir/ig/gravitate-health-ips/ValueSet/PDcategoryVS",
      "version" : "0.1.0",
      "name" : "PDcategoryVS",
      "status" : "active",
      "date" : "2022-12-21T15:23:43+00:00",
      "contact" : [{
        "name" : "Gravitate Health Project",
        "telecom" : [{
          "system" : "url",
          "value" : "https://www.gravitatehealth.eu/"
        }]
      }],
      "expansion" : {
        "identifier" : "urn:uuid:28446e7e-28ae-4b0e-984b-eef2792fea98",
        "timestamp" : "2022-12-21T15:24:18+00:00",
        "parameter" : [{
          "name" : "excludeNested",
          "valueBoolean" : false
        }]
      }
    }
  },
  {
    "fullUrl" : "http://hl7.eu/fhir/ig/gravitate-health-ips/ValueSet/PDtypeVS",
    "resource" : {
      "resourceType" : "ValueSet",
      "id" : "PDtypeVS",
      "text" : {
        "status" : "generated",
        "div" : "<div xmlns=\"http://www.w3.org/1999/xhtml\"><p>This value set contains 0 concepts</p><table class=\"codes\"><tr><td style=\"white-space:nowrap\"><b>Code</b></td><td><b>System</b></td><td><b>Display</b></td></tr></table></div>"
      },
      "url" : "http://hl7.eu/fhir/ig/gravitate-health-ips/ValueSet/PDtypeVS",
      "version" : "0.1.0",
      "name" : "PDtypeVS",
      "status" : "active",
      "date" : "2022-12-21T15:23:43+00:00",
      "contact" : [{
        "name" : "Gravitate Health Project",
        "telecom" : [{
          "system" : "url",
          "value" : "https://www.gravitatehealth.eu/"
        }]
      }],
      "expansion" : {
        "identifier" : "urn:uuid:9f9374bd-fb25-47c7-927d-707a65201058",
        "timestamp" : "2022-12-21T15:24:24+00:00",
        "parameter" : [{
          "name" : "excludeNested",
          "valueBoolean" : false
        }]
      }
    }
  }]
}