{
  "resourceType" : "ImplementationGuide",
  "id" : "hl7.eu.fhir.gh-ips",
  "text" : {
    "status" : "extensions",
    "div" : "<div xmlns=\"http://www.w3.org/1999/xhtml\"><h2>GhR4ImplementationGuide</h2><p>The official URL for this implementation guide is: </p><pre>http://hl7.eu/fhir/ig/gravitate-health-ips/ImplementationGuide/hl7.eu.fhir.gh-ips</pre><div><p>Gravitate Health is an EU project aiming to empower and equip Europeans with health information for active personal health management and adherence to treatment.</p>\n</div></div>"
  },
  "url" : "http://hl7.eu/fhir/ig/gravitate-health-ips/ImplementationGuide/hl7.eu.fhir.gh-ips",
  "version" : "0.1.0",
  "name" : "GhR4ImplementationGuide",
  "title" : "Gravitate Health FHIR Implementation Guide (FHIR R4)",
  "status" : "active",
  "date" : "2022-12-21T16:14:14+00:00",
  "contact" : [{
    "name" : "Gravitate Health Project",
    "telecom" : [{
      "system" : "url",
      "value" : "https://www.gravitatehealth.eu/"
    }]
  }],
  "description" : "Gravitate Health is an EU project aiming to empower and equip Europeans with health information for active personal health management and adherence to treatment.",
  "packageId" : "hl7.eu.fhir.gh-ips",
  "license" : "CC0-1.0",
  "fhirVersion" : ["4.0.1"],
  "dependsOn" : [{
    "id" : "hl7tx",
    "extension" : [{
      "url" : "http://hl7.org/fhir/tools/StructureDefinition/implementationguide-dependency-comment",
      "valueMarkdown" : "Automatically added as a dependency - all IGs depend on HL7 Terminology"
    }],
    "uri" : "http://terminology.hl7.org/ImplementationGuide/hl7.terminology",
    "packageId" : "hl7.terminology.r4",
    "version" : "5.0.0"
  },
  {
    "id" : "hl7_fhir_uv_ips",
    "uri" : "http://hl7.org/fhir/uv/ips/ImplementationGuide/hl7.fhir.uv.ips",
    "packageId" : "hl7.fhir.uv.ips",
    "version" : "current"
  }],
  "definition" : {
    "extension" : [{
      "extension" : [{
        "url" : "code",
        "valueString" : "copyrightyear"
      },
      {
        "url" : "value",
        "valueString" : "2021+"
      }],
      "url" : "http://hl7.org/fhir/tools/StructureDefinition/ig-parameter"
    },
    {
      "extension" : [{
        "url" : "code",
        "valueString" : "releaselabel"
      },
      {
        "url" : "value",
        "valueString" : "CI Build"
      }],
      "url" : "http://hl7.org/fhir/tools/StructureDefinition/ig-parameter"
    },
    {
      "extension" : [{
        "url" : "code",
        "valueString" : "show-inherited-invariants"
      },
      {
        "url" : "value",
        "valueString" : "false"
      }],
      "url" : "http://hl7.org/fhir/tools/StructureDefinition/ig-parameter"
    },
    {
      "extension" : [{
        "url" : "code",
        "valueString" : "path-liquid"
      },
      {
        "url" : "value",
        "valueString" : "liquid"
      }],
      "url" : "http://hl7.org/fhir/tools/StructureDefinition/ig-parameter"
    },
    {
      "extension" : [{
        "url" : "code",
        "valueString" : "autoload-resources"
      },
      {
        "url" : "value",
        "valueString" : "true"
      }],
      "url" : "http://hl7.org/fhir/tools/StructureDefinition/ig-parameter"
    },
    {
      "extension" : [{
        "url" : "code",
        "valueString" : "path-liquid"
      },
      {
        "url" : "value",
        "valueString" : "template/liquid"
      }],
      "url" : "http://hl7.org/fhir/tools/StructureDefinition/ig-parameter"
    },
    {
      "extension" : [{
        "url" : "code",
        "valueString" : "path-liquid"
      },
      {
        "url" : "value",
        "valueString" : "input/liquid"
      }],
      "url" : "http://hl7.org/fhir/tools/StructureDefinition/ig-parameter"
    },
    {
      "extension" : [{
        "url" : "code",
        "valueString" : "path-qa"
      },
      {
        "url" : "value",
        "valueString" : "temp/qa"
      }],
      "url" : "http://hl7.org/fhir/tools/StructureDefinition/ig-parameter"
    },
    {
      "extension" : [{
        "url" : "code",
        "valueString" : "path-temp"
      },
      {
        "url" : "value",
        "valueString" : "temp/pages"
      }],
      "url" : "http://hl7.org/fhir/tools/StructureDefinition/ig-parameter"
    },
    {
      "extension" : [{
        "url" : "code",
        "valueString" : "path-output"
      },
      {
        "url" : "value",
        "valueString" : "output"
      }],
      "url" : "http://hl7.org/fhir/tools/StructureDefinition/ig-parameter"
    },
    {
      "extension" : [{
        "url" : "code",
        "valueString" : "path-suppressed-warnings"
      },
      {
        "url" : "value",
        "valueString" : "input/ignoreWarnings.txt"
      }],
      "url" : "http://hl7.org/fhir/tools/StructureDefinition/ig-parameter"
    },
    {
      "extension" : [{
        "url" : "code",
        "valueString" : "path-history"
      },
      {
        "url" : "value",
        "valueString" : "http://hl7.eu/fhir/ig/gravitate-health-ips/history.html"
      }],
      "url" : "http://hl7.org/fhir/tools/StructureDefinition/ig-parameter"
    },
    {
      "extension" : [{
        "url" : "code",
        "valueString" : "template-html"
      },
      {
        "url" : "value",
        "valueString" : "template-page.html"
      }],
      "url" : "http://hl7.org/fhir/tools/StructureDefinition/ig-parameter"
    },
    {
      "extension" : [{
        "url" : "code",
        "valueString" : "template-md"
      },
      {
        "url" : "value",
        "valueString" : "template-page-md.html"
      }],
      "url" : "http://hl7.org/fhir/tools/StructureDefinition/ig-parameter"
    },
    {
      "extension" : [{
        "url" : "code",
        "valueString" : "apply-contact"
      },
      {
        "url" : "value",
        "valueString" : "true"
      }],
      "url" : "http://hl7.org/fhir/tools/StructureDefinition/ig-parameter"
    },
    {
      "extension" : [{
        "url" : "code",
        "valueString" : "apply-context"
      },
      {
        "url" : "value",
        "valueString" : "true"
      }],
      "url" : "http://hl7.org/fhir/tools/StructureDefinition/ig-parameter"
    },
    {
      "extension" : [{
        "url" : "code",
        "valueString" : "apply-copyright"
      },
      {
        "url" : "value",
        "valueString" : "true"
      }],
      "url" : "http://hl7.org/fhir/tools/StructureDefinition/ig-parameter"
    },
    {
      "extension" : [{
        "url" : "code",
        "valueString" : "apply-jurisdiction"
      },
      {
        "url" : "value",
        "valueString" : "true"
      }],
      "url" : "http://hl7.org/fhir/tools/StructureDefinition/ig-parameter"
    },
    {
      "extension" : [{
        "url" : "code",
        "valueString" : "apply-license"
      },
      {
        "url" : "value",
        "valueString" : "true"
      }],
      "url" : "http://hl7.org/fhir/tools/StructureDefinition/ig-parameter"
    },
    {
      "extension" : [{
        "url" : "code",
        "valueString" : "apply-publisher"
      },
      {
        "url" : "value",
        "valueString" : "true"
      }],
      "url" : "http://hl7.org/fhir/tools/StructureDefinition/ig-parameter"
    },
    {
      "extension" : [{
        "url" : "code",
        "valueString" : "apply-version"
      },
      {
        "url" : "value",
        "valueString" : "true"
      }],
      "url" : "http://hl7.org/fhir/tools/StructureDefinition/ig-parameter"
    },
    {
      "extension" : [{
        "url" : "code",
        "valueString" : "active-tables"
      },
      {
        "url" : "value",
        "valueString" : "true"
      }],
      "url" : "http://hl7.org/fhir/tools/StructureDefinition/ig-parameter"
    },
    {
      "extension" : [{
        "url" : "code",
        "valueString" : "fmm-definition"
      },
      {
        "url" : "value",
        "valueString" : "http://hl7.org/fhir/versions.html#maturity"
      }],
      "url" : "http://hl7.org/fhir/tools/StructureDefinition/ig-parameter"
    },
    {
      "extension" : [{
        "url" : "code",
        "valueString" : "propagate-status"
      },
      {
        "url" : "value",
        "valueString" : "true"
      }],
      "url" : "http://hl7.org/fhir/tools/StructureDefinition/ig-parameter"
    },
    {
      "extension" : [{
        "url" : "code",
        "valueString" : "excludelogbinaryformat"
      },
      {
        "url" : "value",
        "valueString" : "true"
      }],
      "url" : "http://hl7.org/fhir/tools/StructureDefinition/ig-parameter"
    },
    {
      "extension" : [{
        "url" : "code",
        "valueString" : "tabbed-snapshots"
      },
      {
        "url" : "value",
        "valueString" : "true"
      }],
      "url" : "http://hl7.org/fhir/tools/StructureDefinition/ig-parameter"
    },
    {
      "extension" : [{
        "url" : "code",
        "valueString" : "copyrightyear"
      },
      {
        "url" : "value",
        "valueString" : "2021+"
      }],
      "url" : "http://hl7.org/fhir/tools/StructureDefinition/ig-parameter"
    },
    {
      "extension" : [{
        "url" : "code",
        "valueString" : "releaselabel"
      },
      {
        "url" : "value",
        "valueString" : "CI Build"
      }],
      "url" : "http://hl7.org/fhir/tools/StructureDefinition/ig-parameter"
    },
    {
      "extension" : [{
        "url" : "code",
        "valueString" : "show-inherited-invariants"
      },
      {
        "url" : "value",
        "valueString" : "false"
      }],
      "url" : "http://hl7.org/fhir/tools/StructureDefinition/ig-parameter"
    },
    {
      "extension" : [{
        "url" : "code",
        "valueString" : "path-liquid"
      },
      {
        "url" : "value",
        "valueString" : "liquid"
      }],
      "url" : "http://hl7.org/fhir/tools/StructureDefinition/ig-parameter"
    },
    {
      "extension" : [{
        "url" : "code",
        "valueString" : "autoload-resources"
      },
      {
        "url" : "value",
        "valueString" : "true"
      }],
      "url" : "http://hl7.org/fhir/tools/StructureDefinition/ig-parameter"
    },
    {
      "extension" : [{
        "url" : "code",
        "valueString" : "path-liquid"
      },
      {
        "url" : "value",
        "valueString" : "template/liquid"
      }],
      "url" : "http://hl7.org/fhir/tools/StructureDefinition/ig-parameter"
    },
    {
      "extension" : [{
        "url" : "code",
        "valueString" : "path-liquid"
      },
      {
        "url" : "value",
        "valueString" : "input/liquid"
      }],
      "url" : "http://hl7.org/fhir/tools/StructureDefinition/ig-parameter"
    },
    {
      "extension" : [{
        "url" : "code",
        "valueString" : "path-qa"
      },
      {
        "url" : "value",
        "valueString" : "temp/qa"
      }],
      "url" : "http://hl7.org/fhir/tools/StructureDefinition/ig-parameter"
    },
    {
      "extension" : [{
        "url" : "code",
        "valueString" : "path-temp"
      },
      {
        "url" : "value",
        "valueString" : "temp/pages"
      }],
      "url" : "http://hl7.org/fhir/tools/StructureDefinition/ig-parameter"
    },
    {
      "extension" : [{
        "url" : "code",
        "valueString" : "path-output"
      },
      {
        "url" : "value",
        "valueString" : "output"
      }],
      "url" : "http://hl7.org/fhir/tools/StructureDefinition/ig-parameter"
    },
    {
      "extension" : [{
        "url" : "code",
        "valueString" : "path-suppressed-warnings"
      },
      {
        "url" : "value",
        "valueString" : "input/ignoreWarnings.txt"
      }],
      "url" : "http://hl7.org/fhir/tools/StructureDefinition/ig-parameter"
    },
    {
      "extension" : [{
        "url" : "code",
        "valueString" : "path-history"
      },
      {
        "url" : "value",
        "valueString" : "http://hl7.eu/fhir/ig/gravitate-health-ips/history.html"
      }],
      "url" : "http://hl7.org/fhir/tools/StructureDefinition/ig-parameter"
    },
    {
      "extension" : [{
        "url" : "code",
        "valueString" : "template-html"
      },
      {
        "url" : "value",
        "valueString" : "template-page.html"
      }],
      "url" : "http://hl7.org/fhir/tools/StructureDefinition/ig-parameter"
    },
    {
      "extension" : [{
        "url" : "code",
        "valueString" : "template-md"
      },
      {
        "url" : "value",
        "valueString" : "template-page-md.html"
      }],
      "url" : "http://hl7.org/fhir/tools/StructureDefinition/ig-parameter"
    },
    {
      "extension" : [{
        "url" : "code",
        "valueString" : "apply-contact"
      },
      {
        "url" : "value",
        "valueString" : "true"
      }],
      "url" : "http://hl7.org/fhir/tools/StructureDefinition/ig-parameter"
    },
    {
      "extension" : [{
        "url" : "code",
        "valueString" : "apply-context"
      },
      {
        "url" : "value",
        "valueString" : "true"
      }],
      "url" : "http://hl7.org/fhir/tools/StructureDefinition/ig-parameter"
    },
    {
      "extension" : [{
        "url" : "code",
        "valueString" : "apply-copyright"
      },
      {
        "url" : "value",
        "valueString" : "true"
      }],
      "url" : "http://hl7.org/fhir/tools/StructureDefinition/ig-parameter"
    },
    {
      "extension" : [{
        "url" : "code",
        "valueString" : "apply-jurisdiction"
      },
      {
        "url" : "value",
        "valueString" : "true"
      }],
      "url" : "http://hl7.org/fhir/tools/StructureDefinition/ig-parameter"
    },
    {
      "extension" : [{
        "url" : "code",
        "valueString" : "apply-license"
      },
      {
        "url" : "value",
        "valueString" : "true"
      }],
      "url" : "http://hl7.org/fhir/tools/StructureDefinition/ig-parameter"
    },
    {
      "extension" : [{
        "url" : "code",
        "valueString" : "apply-publisher"
      },
      {
        "url" : "value",
        "valueString" : "true"
      }],
      "url" : "http://hl7.org/fhir/tools/StructureDefinition/ig-parameter"
    },
    {
      "extension" : [{
        "url" : "code",
        "valueString" : "apply-version"
      },
      {
        "url" : "value",
        "valueString" : "true"
      }],
      "url" : "http://hl7.org/fhir/tools/StructureDefinition/ig-parameter"
    },
    {
      "extension" : [{
        "url" : "code",
        "valueString" : "active-tables"
      },
      {
        "url" : "value",
        "valueString" : "true"
      }],
      "url" : "http://hl7.org/fhir/tools/StructureDefinition/ig-parameter"
    },
    {
      "extension" : [{
        "url" : "code",
        "valueString" : "fmm-definition"
      },
      {
        "url" : "value",
        "valueString" : "http://hl7.org/fhir/versions.html#maturity"
      }],
      "url" : "http://hl7.org/fhir/tools/StructureDefinition/ig-parameter"
    },
    {
      "extension" : [{
        "url" : "code",
        "valueString" : "propagate-status"
      },
      {
        "url" : "value",
        "valueString" : "true"
      }],
      "url" : "http://hl7.org/fhir/tools/StructureDefinition/ig-parameter"
    },
    {
      "extension" : [{
        "url" : "code",
        "valueString" : "excludelogbinaryformat"
      },
      {
        "url" : "value",
        "valueString" : "true"
      }],
      "url" : "http://hl7.org/fhir/tools/StructureDefinition/ig-parameter"
    },
    {
      "extension" : [{
        "url" : "code",
        "valueString" : "tabbed-snapshots"
      },
      {
        "url" : "value",
        "valueString" : "true"
      }],
      "url" : "http://hl7.org/fhir/tools/StructureDefinition/ig-parameter"
    }],
    "grouping" : [{
      "id" : "Pedro",
      "name" : "Pedro",
      "description" : "Pedro IPS Resources"
    },
    {
      "id" : "Cecilia",
      "name" : "Cecilia",
      "description" : "Cecilia IPS Resources"
    },
    {
      "id" : "Helen",
      "name" : "Helen",
      "description" : "Cecilia IPS Resources"
    },
    {
      "id" : "Matilda",
      "name" : "Matilda",
      "description" : "Matilda IPS Resources"
    },
    {
      "id" : "Maria",
      "name" : "Maria",
      "description" : "Maria IPS Resources"
    }],
    "resource" : [{
      "extension" : [{
        "url" : "http://hl7.org/fhir/tools/StructureDefinition/resource-information",
        "valueString" : "StructureDefinition:resource"
      }],
      "reference" : {
        "reference" : "StructureDefinition/example-persona-profile"
      },
      "name" : "Persona Dimension Profile",
      "description" : "Persona Dimension Profile",
      "exampleBoolean" : false
    },
    {
      "extension" : [{
        "url" : "http://hl7.org/fhir/tools/StructureDefinition/resource-information",
        "valueString" : "ValueSet"
      }],
      "reference" : {
        "reference" : "ValueSet/PDcategoryVS"
      },
      "name" : "PDcategoryVS",
      "exampleBoolean" : false
    },
    {
      "extension" : [{
        "url" : "http://hl7.org/fhir/tools/StructureDefinition/resource-information",
        "valueString" : "ValueSet"
      }],
      "reference" : {
        "reference" : "ValueSet/PDtypeVS"
      },
      "name" : "PDtypeVS",
      "exampleBoolean" : false
    },
    {
      "extension" : [{
        "url" : "http://hl7.org/fhir/tools/StructureDefinition/resource-information",
        "valueString" : "Medication"
      }],
      "reference" : {
        "reference" : "Medication/6f4151e9-91f6-4f1e-adc3-fb94dda77854"
      },
      "name" : "6f4151e9-91f6-4f1e-adc3-fb94dda77854",
      "exampleBoolean" : true
    },
    {
      "extension" : [{
        "url" : "http://hl7.org/fhir/tools/StructureDefinition/resource-information",
        "valueString" : "Medication"
      }],
      "reference" : {
        "reference" : "Medication/6f4151e9-91f6-4f1e-adc3-fb94dda77855"
      },
      "name" : "6f4151e9-91f6-4f1e-adc3-fb94dda77855",
      "exampleBoolean" : true
    },
    {
      "extension" : [{
        "url" : "http://hl7.org/fhir/tools/StructureDefinition/resource-information",
        "valueString" : "Medication"
      }],
      "reference" : {
        "reference" : "Medication/6f4151e9-91f6-4f1e-adc3-fb94dda77856"
      },
      "name" : "6f4151e9-91f6-4f1e-adc3-fb94dda77856",
      "exampleBoolean" : true
    },
    {
      "extension" : [{
        "url" : "http://hl7.org/fhir/tools/StructureDefinition/resource-information",
        "valueString" : "Medication"
      }],
      "reference" : {
        "reference" : "Medication/6f4151e9-91f6-4f1e-adc3-fb94dda77857"
      },
      "name" : "6f4151e9-91f6-4f1e-adc3-fb94dda77857",
      "exampleBoolean" : true
    },
    {
      "extension" : [{
        "url" : "http://hl7.org/fhir/tools/StructureDefinition/resource-information",
        "valueString" : "Medication"
      }],
      "reference" : {
        "reference" : "Medication/6f4151e9-91f6-4f1e-adc3-fb94dda7785g"
      },
      "name" : "6f4151e9-91f6-4f1e-adc3-fb94dda7785g",
      "exampleBoolean" : true
    },
    {
      "extension" : [{
        "url" : "http://hl7.org/fhir/tools/StructureDefinition/resource-information",
        "valueString" : "Medication"
      }],
      "reference" : {
        "reference" : "Medication/9ac3356c-4ea4-4814-84c3-235484f2ef19"
      },
      "name" : "9ac3356c-4ea4-4814-84c3-235484f2ef19",
      "exampleBoolean" : true
    },
    {
      "extension" : [{
        "url" : "http://hl7.org/fhir/tools/StructureDefinition/resource-information",
        "valueString" : "Medication"
      }],
      "reference" : {
        "reference" : "Medication/9d7be868-8264-4d94-ad04-ef04ecc92e51"
      },
      "name" : "9d7be868-8264-4d94-ad04-ef04ecc92e51",
      "exampleBoolean" : true
    },
    {
      "extension" : [{
        "url" : "http://hl7.org/fhir/tools/StructureDefinition/resource-information",
        "valueString" : "Medication"
      }],
      "reference" : {
        "reference" : "Medication/9d7be868-8264-4d94-ad04-ef04ecc92e52"
      },
      "name" : "9d7be868-8264-4d94-ad04-ef04ecc92e52",
      "exampleBoolean" : true
    },
    {
      "extension" : [{
        "url" : "http://hl7.org/fhir/tools/StructureDefinition/resource-information",
        "valueString" : "Questionnaire"
      }],
      "reference" : {
        "reference" : "Questionnaire/Questionnaire-example"
      },
      "name" : "Questionnaire-example",
      "description" : "Questionnaire Example",
      "exampleBoolean" : true
    },
    {
      "extension" : [{
        "url" : "http://hl7.org/fhir/tools/StructureDefinition/resource-information",
        "valueString" : "QuestionnaireResponse"
      }],
      "reference" : {
        "reference" : "QuestionnaireResponse/QuestionnaireResponse-example"
      },
      "name" : "QuestionnaireResponse-example",
      "description" : "Questionnaire Response example",
      "exampleBoolean" : true
    },
    {
      "extension" : [{
        "url" : "http://hl7.org/fhir/tools/StructureDefinition/resource-information",
        "valueString" : "Medication"
      }],
      "reference" : {
        "reference" : "Medication/b50ae644-e0b7-4007-809f-26f493cbe36c"
      },
      "name" : "b50ae644-e0b7-4007-809f-26f493cbe36c",
      "exampleBoolean" : true
    },
    {
      "extension" : [{
        "url" : "http://hl7.org/fhir/tools/StructureDefinition/resource-information",
        "valueString" : "Condition"
      }],
      "reference" : {
        "reference" : "Condition/cecilia-cond-1"
      },
      "name" : "cecilia-cond-1",
      "exampleBoolean" : true
    },
    {
      "extension" : [{
        "url" : "http://hl7.org/fhir/tools/StructureDefinition/resource-information",
        "valueString" : "Condition"
      }],
      "reference" : {
        "reference" : "Condition/cecilia-cond-2"
      },
      "name" : "cecilia-cond-2",
      "exampleBoolean" : true
    },
    {
      "extension" : [{
        "url" : "http://hl7.org/fhir/tools/StructureDefinition/resource-information",
        "valueString" : "Condition"
      }],
      "reference" : {
        "reference" : "Condition/cecilia-cond-3"
      },
      "name" : "cecilia-cond-3",
      "exampleBoolean" : true
    },
    {
      "extension" : [{
        "url" : "http://hl7.org/fhir/tools/StructureDefinition/resource-information",
        "valueString" : "Condition"
      }],
      "reference" : {
        "reference" : "Condition/cecilia-cond-4"
      },
      "name" : "cecilia-cond-4",
      "exampleBoolean" : true
    },
    {
      "extension" : [{
        "url" : "http://hl7.org/fhir/tools/StructureDefinition/resource-information",
        "valueString" : "MedicationStatement"
      }],
      "reference" : {
        "reference" : "MedicationStatement/cecilia-med-stat-1"
      },
      "name" : "cecilia-med-stat-1",
      "exampleBoolean" : true
    },
    {
      "extension" : [{
        "url" : "http://hl7.org/fhir/tools/StructureDefinition/resource-information",
        "valueString" : "MedicationStatement"
      }],
      "reference" : {
        "reference" : "MedicationStatement/cecilia-med-stat-2"
      },
      "name" : "cecilia-med-stat-2",
      "exampleBoolean" : true
    },
    {
      "extension" : [{
        "url" : "http://hl7.org/fhir/tools/StructureDefinition/resource-information",
        "valueString" : "MedicationStatement"
      }],
      "reference" : {
        "reference" : "MedicationStatement/cecilia-med-stat-3"
      },
      "name" : "cecilia-med-stat-3",
      "exampleBoolean" : true
    },
    {
      "extension" : [{
        "url" : "http://hl7.org/fhir/tools/StructureDefinition/resource-information",
        "valueString" : "MedicationStatement"
      }],
      "reference" : {
        "reference" : "MedicationStatement/cecilia-med-stat-4"
      },
      "name" : "cecilia-med-stat-4",
      "exampleBoolean" : true
    },
    {
      "extension" : [{
        "url" : "http://hl7.org/fhir/tools/StructureDefinition/resource-information",
        "valueString" : "Patient"
      }],
      "reference" : {
        "reference" : "Patient/cecilia-patient"
      },
      "name" : "cecilia-patient",
      "exampleBoolean" : true
    },
    {
      "extension" : [{
        "url" : "http://hl7.org/fhir/tools/StructureDefinition/resource-information",
        "valueString" : "Practitioner"
      }],
      "reference" : {
        "reference" : "Practitioner/cecilia-pract"
      },
      "name" : "cecilia-pract",
      "exampleBoolean" : true
    },
    {
      "extension" : [{
        "url" : "http://hl7.org/fhir/tools/StructureDefinition/resource-information",
        "valueString" : "Medication"
      }],
      "reference" : {
        "reference" : "Medication/de131e15-ed13-4b31-b38c-3204a84d99c4"
      },
      "name" : "de131e15-ed13-4b31-b38c-3204a84d99c4",
      "exampleBoolean" : true
    },
    {
      "extension" : [{
        "url" : "http://hl7.org/fhir/tools/StructureDefinition/resource-information",
        "valueString" : "Medication"
      }],
      "reference" : {
        "reference" : "Medication/fdb5c97f-0a46-41ba-bc34-2efd2ef2f7e4"
      },
      "name" : "fdb5c97f-0a46-41ba-bc34-2efd2ef2f7e4",
      "exampleBoolean" : true
    },
    {
      "extension" : [{
        "url" : "http://hl7.org/fhir/tools/StructureDefinition/resource-information",
        "valueString" : "Medication"
      }],
      "reference" : {
        "reference" : "Medication/fdb5c97f-0a46-41ba-bc34-2efd2ef2f7et"
      },
      "name" : "fdb5c97f-0a46-41ba-bc34-2efd2ef2f7et",
      "exampleBoolean" : true
    },
    {
      "extension" : [{
        "url" : "http://hl7.org/fhir/tools/StructureDefinition/resource-information",
        "valueString" : "Medication"
      }],
      "reference" : {
        "reference" : "Medication/fdb5c97f-0a46-41ba-bc34-2efd2ef2f7eu"
      },
      "name" : "fdb5c97f-0a46-41ba-bc34-2efd2ef2f7eu",
      "exampleBoolean" : true
    },
    {
      "extension" : [{
        "url" : "http://hl7.org/fhir/tools/StructureDefinition/resource-information",
        "valueString" : "Composition"
      }],
      "reference" : {
        "reference" : "Composition/gravitate-Cecilia"
      },
      "name" : "[Composition] Cecilia Gravitate's IPS",
      "description" : "Example of International Patient Summary for Cecilia Gravitate",
      "exampleBoolean" : true,
      "groupingId" : "Cecilia"
    },
    {
      "extension" : [{
        "url" : "http://hl7.org/fhir/tools/StructureDefinition/resource-information",
        "valueString" : "Bundle"
      }],
      "reference" : {
        "reference" : "Bundle/gravitate-Cecilia"
      },
      "name" : "Cecilia Gravitate's IPS",
      "description" : "Example of International Patient Summary for Cecilia Gravitate",
      "exampleBoolean" : true,
      "groupingId" : "Cecilia"
    },
    {
      "extension" : [{
        "url" : "http://hl7.org/fhir/tools/StructureDefinition/resource-information",
        "valueString" : "Composition"
      }],
      "reference" : {
        "reference" : "Composition/gravitate-Matilda"
      },
      "name" : "[Composition] Matilda Gravitate's IPS",
      "description" : "Example of International Patient Summary Composition for Matilda Gravitate",
      "exampleBoolean" : true,
      "groupingId" : "Matilda"
    },
    {
      "extension" : [{
        "url" : "http://hl7.org/fhir/tools/StructureDefinition/resource-information",
        "valueString" : "Bundle"
      }],
      "reference" : {
        "reference" : "Bundle/gravitate-Matilda"
      },
      "name" : "Matilda Gravitate's IPS",
      "description" : "Example of International Patient Summary for Matilda Gravitate",
      "exampleBoolean" : true,
      "groupingId" : "Matilda"
    },
    {
      "extension" : [{
        "url" : "http://hl7.org/fhir/tools/StructureDefinition/resource-information",
        "valueString" : "Composition"
      }],
      "reference" : {
        "reference" : "Composition/gravitate-Pedro"
      },
      "name" : "Pedro Gravitate's IPS Composition",
      "description" : "Example of International Patient Summary for Pedro Gravitate",
      "exampleBoolean" : true,
      "groupingId" : "Pedro"
    },
    {
      "extension" : [{
        "url" : "http://hl7.org/fhir/tools/StructureDefinition/resource-information",
        "valueString" : "Bundle"
      }],
      "reference" : {
        "reference" : "Bundle/gravitate-Pedro"
      },
      "name" : "Pedro Gravitate's IPS",
      "description" : "Example of International Patient Summary for Pedro Gravitate",
      "exampleBoolean" : true,
      "groupingId" : "Pedro"
    },
    {
      "extension" : [{
        "url" : "http://hl7.org/fhir/tools/StructureDefinition/resource-information",
        "valueString" : "Composition"
      }],
      "reference" : {
        "reference" : "Composition/gravitate-helen"
      },
      "name" : "[Composition] Helen Gravitate's IPS",
      "exampleBoolean" : true,
      "groupingId" : "Helen"
    },
    {
      "extension" : [{
        "url" : "http://hl7.org/fhir/tools/StructureDefinition/resource-information",
        "valueString" : "Bundle"
      }],
      "reference" : {
        "reference" : "Bundle/gravitate-helen"
      },
      "name" : "Helen Gravitate's IPS",
      "description" : "Example of International Patient Summary for Helen Gravitate",
      "exampleBoolean" : true,
      "groupingId" : "Helen"
    },
    {
      "extension" : [{
        "url" : "http://hl7.org/fhir/tools/StructureDefinition/resource-information",
        "valueString" : "Bundle"
      }],
      "reference" : {
        "reference" : "Bundle/gravitate-ips-1"
      },
      "name" : "IPS Example 1 Document",
      "description" : "Example of International Patient Summary for Gravitate",
      "exampleBoolean" : true
    },
    {
      "extension" : [{
        "url" : "http://hl7.org/fhir/tools/StructureDefinition/resource-information",
        "valueString" : "Bundle"
      }],
      "reference" : {
        "reference" : "Bundle/gravitate-ips-2"
      },
      "name" : "IPS Example 2 Document",
      "description" : "Example of International Patient Summary for Gravitate",
      "exampleBoolean" : true
    },
    {
      "extension" : [{
        "url" : "http://hl7.org/fhir/tools/StructureDefinition/resource-information",
        "valueString" : "Bundle"
      }],
      "reference" : {
        "reference" : "Bundle/gravitate-ips-3"
      },
      "name" : "IPS Example 3 Document",
      "description" : "Example of International Patient Summary for Gravitate",
      "exampleBoolean" : true
    },
    {
      "extension" : [{
        "url" : "http://hl7.org/fhir/tools/StructureDefinition/resource-information",
        "valueString" : "Composition"
      }],
      "reference" : {
        "reference" : "Composition/gravitate-maria"
      },
      "name" : "[Composition] Maria Gravitate's IPS",
      "description" : "Example of International Patient Summary Composition for Maria Gravitate",
      "exampleBoolean" : true,
      "groupingId" : "Maria"
    },
    {
      "extension" : [{
        "url" : "http://hl7.org/fhir/tools/StructureDefinition/resource-information",
        "valueString" : "Bundle"
      }],
      "reference" : {
        "reference" : "Bundle/gravitate-maria"
      },
      "name" : "Maria Gravitate's IPS",
      "description" : "Example of International Patient Summary for Maria Gravitate",
      "exampleBoolean" : true,
      "groupingId" : "Maria"
    },
    {
      "extension" : [{
        "url" : "http://hl7.org/fhir/tools/StructureDefinition/resource-information",
        "valueString" : "Composition"
      }],
      "reference" : {
        "reference" : "Composition/ips-example-1"
      },
      "name" : "[Composition] IPS Example 1 IPS",
      "exampleBoolean" : true
    },
    {
      "extension" : [{
        "url" : "http://hl7.org/fhir/tools/StructureDefinition/resource-information",
        "valueString" : "Composition"
      }],
      "reference" : {
        "reference" : "Composition/ips-example-2"
      },
      "name" : "[Composition] IPS Example 2 IPS",
      "exampleBoolean" : true
    },
    {
      "extension" : [{
        "url" : "http://hl7.org/fhir/tools/StructureDefinition/resource-information",
        "valueString" : "Composition"
      }],
      "reference" : {
        "reference" : "Composition/ips-example-3"
      },
      "name" : "IPS Example 3 Composition",
      "exampleBoolean" : true
    },
    {
      "extension" : [{
        "url" : "http://hl7.org/fhir/tools/StructureDefinition/resource-information",
        "valueString" : "Condition"
      }],
      "reference" : {
        "reference" : "Condition/matilda-cond-1"
      },
      "name" : "matilda-cond-1",
      "exampleBoolean" : true
    },
    {
      "extension" : [{
        "url" : "http://hl7.org/fhir/tools/StructureDefinition/resource-information",
        "valueString" : "MedicationStatement"
      }],
      "reference" : {
        "reference" : "MedicationStatement/matilda-med-stat-1"
      },
      "name" : "matilda-med-stat-1",
      "exampleBoolean" : true
    },
    {
      "extension" : [{
        "url" : "http://hl7.org/fhir/tools/StructureDefinition/resource-information",
        "valueString" : "MedicationStatement"
      }],
      "reference" : {
        "reference" : "MedicationStatement/matilda-med-stat-2"
      },
      "name" : "matilda-med-stat-2",
      "exampleBoolean" : true
    },
    {
      "extension" : [{
        "url" : "http://hl7.org/fhir/tools/StructureDefinition/resource-information",
        "valueString" : "MedicationStatement"
      }],
      "reference" : {
        "reference" : "MedicationStatement/matilda-med-stat-3"
      },
      "name" : "matilda-med-stat-3",
      "exampleBoolean" : true
    },
    {
      "extension" : [{
        "url" : "http://hl7.org/fhir/tools/StructureDefinition/resource-information",
        "valueString" : "Patient"
      }],
      "reference" : {
        "reference" : "Patient/matilda-patient"
      },
      "name" : "matilda-patient",
      "exampleBoolean" : true
    },
    {
      "extension" : [{
        "url" : "http://hl7.org/fhir/tools/StructureDefinition/resource-information",
        "valueString" : "Practitioner"
      }],
      "reference" : {
        "reference" : "Practitioner/matilda-pract"
      },
      "name" : "matilda-pract",
      "exampleBoolean" : true
    },
    {
      "extension" : [{
        "url" : "http://hl7.org/fhir/tools/StructureDefinition/resource-information",
        "valueString" : "Condition"
      }],
      "reference" : {
        "reference" : "Condition/pedro-cond-1"
      },
      "name" : "pedro-cond-1",
      "exampleBoolean" : true
    },
    {
      "extension" : [{
        "url" : "http://hl7.org/fhir/tools/StructureDefinition/resource-information",
        "valueString" : "Condition"
      }],
      "reference" : {
        "reference" : "Condition/pedro-cond-2"
      },
      "name" : "pedro-cond-2",
      "exampleBoolean" : true
    },
    {
      "extension" : [{
        "url" : "http://hl7.org/fhir/tools/StructureDefinition/resource-information",
        "valueString" : "Condition"
      }],
      "reference" : {
        "reference" : "Condition/pedro-cond-3"
      },
      "name" : "pedro-cond-3",
      "exampleBoolean" : true
    },
    {
      "extension" : [{
        "url" : "http://hl7.org/fhir/tools/StructureDefinition/resource-information",
        "valueString" : "MedicationStatement"
      }],
      "reference" : {
        "reference" : "MedicationStatement/pedro-med-stat-1"
      },
      "name" : "pedro-med-stat-1",
      "exampleBoolean" : true
    },
    {
      "extension" : [{
        "url" : "http://hl7.org/fhir/tools/StructureDefinition/resource-information",
        "valueString" : "MedicationStatement"
      }],
      "reference" : {
        "reference" : "MedicationStatement/pedro-med-stat-2"
      },
      "name" : "pedro-med-stat-2",
      "exampleBoolean" : true
    },
    {
      "extension" : [{
        "url" : "http://hl7.org/fhir/tools/StructureDefinition/resource-information",
        "valueString" : "MedicationStatement"
      }],
      "reference" : {
        "reference" : "MedicationStatement/pedro-med-stat-3"
      },
      "name" : "pedro-med-stat-3",
      "exampleBoolean" : true
    },
    {
      "extension" : [{
        "url" : "http://hl7.org/fhir/tools/StructureDefinition/resource-information",
        "valueString" : "MedicationStatement"
      }],
      "reference" : {
        "reference" : "MedicationStatement/pedro-med-stat-4"
      },
      "name" : "pedro-med-stat-4",
      "exampleBoolean" : true
    },
    {
      "extension" : [{
        "url" : "http://hl7.org/fhir/tools/StructureDefinition/resource-information",
        "valueString" : "MedicationStatement"
      }],
      "reference" : {
        "reference" : "MedicationStatement/pedro-med-stat-5"
      },
      "name" : "pedro-med-stat-5",
      "exampleBoolean" : true
    },
    {
      "extension" : [{
        "url" : "http://hl7.org/fhir/tools/StructureDefinition/resource-information",
        "valueString" : "MedicationStatement"
      }],
      "reference" : {
        "reference" : "MedicationStatement/pedro-med-stat-6"
      },
      "name" : "pedro-med-stat-6",
      "exampleBoolean" : true
    },
    {
      "extension" : [{
        "url" : "http://hl7.org/fhir/tools/StructureDefinition/resource-information",
        "valueString" : "MedicationStatement"
      }],
      "reference" : {
        "reference" : "MedicationStatement/pedro-med-stat-7"
      },
      "name" : "pedro-med-stat-7",
      "exampleBoolean" : true
    },
    {
      "extension" : [{
        "url" : "http://hl7.org/fhir/tools/StructureDefinition/resource-information",
        "valueString" : "Patient"
      }],
      "reference" : {
        "reference" : "Patient/pedro-patient"
      },
      "name" : "pedro-patient",
      "exampleBoolean" : true
    },
    {
      "extension" : [{
        "url" : "http://hl7.org/fhir/tools/StructureDefinition/resource-information",
        "valueString" : "Practitioner"
      }],
      "reference" : {
        "reference" : "Practitioner/pedro-pract"
      },
      "name" : "pedro-pract",
      "exampleBoolean" : true
    }],
    "page" : {
      "extension" : [{
        "url" : "http://hl7.org/fhir/tools/StructureDefinition/ig-page-name",
        "valueUrl" : "toc.html"
      }],
      "nameUrl" : "toc.html",
      "title" : "Table of Contents",
      "generation" : "html",
      "page" : [{
        "extension" : [{
          "url" : "http://hl7.org/fhir/tools/StructureDefinition/ig-page-name",
          "valueUrl" : "index.html"
        }],
        "nameUrl" : "index.html",
        "title" : "Home",
        "generation" : "markdown"
      },
      {
        "extension" : [{
          "url" : "http://hl7.org/fhir/tools/StructureDefinition/ig-page-name",
          "valueUrl" : "CapabilityStatement-capability-statement-ema.html"
        }],
        "nameUrl" : "CapabilityStatement-capability-statement-ema.html",
        "title" : "Capability Statement Capability Statement Ema",
        "generation" : "markdown"
      },
      {
        "extension" : [{
          "url" : "http://hl7.org/fhir/tools/StructureDefinition/ig-page-name",
          "valueUrl" : "Connecting-data.html"
        }],
        "nameUrl" : "Connecting-data.html",
        "title" : "Connecting Data",
        "generation" : "markdown"
      },
      {
        "extension" : [{
          "url" : "http://hl7.org/fhir/tools/StructureDefinition/ig-page-name",
          "valueUrl" : "connections.html"
        }],
        "nameUrl" : "connections.html",
        "title" : "Connections",
        "generation" : "markdown"
      },
      {
        "extension" : [{
          "url" : "http://hl7.org/fhir/tools/StructureDefinition/ig-page-name",
          "valueUrl" : "copyright.html"
        }],
        "nameUrl" : "copyright.html",
        "title" : "Copyright",
        "generation" : "markdown"
      },
      {
        "extension" : [{
          "url" : "http://hl7.org/fhir/tools/StructureDefinition/ig-page-name",
          "valueUrl" : "downloads.html"
        }],
        "nameUrl" : "downloads.html",
        "title" : "Downloads",
        "generation" : "html"
      },
      {
        "extension" : [{
          "url" : "http://hl7.org/fhir/tools/StructureDefinition/ig-page-name",
          "valueUrl" : "ePI-structure.html"
        }],
        "nameUrl" : "ePI-structure.html",
        "title" : "E PI Structure",
        "generation" : "markdown"
      },
      {
        "extension" : [{
          "url" : "http://hl7.org/fhir/tools/StructureDefinition/ig-page-name",
          "valueUrl" : "SampleData.html"
        }],
        "nameUrl" : "SampleData.html",
        "title" : "Sample Data",
        "generation" : "markdown"
      },
      {
        "extension" : [{
          "url" : "http://hl7.org/fhir/tools/StructureDefinition/ig-page-name",
          "valueUrl" : "terminology.html"
        }],
        "nameUrl" : "terminology.html",
        "title" : "Terminology",
        "generation" : "markdown"
      },
      {
        "extension" : [{
          "url" : "http://hl7.org/fhir/tools/StructureDefinition/ig-page-name",
          "valueUrl" : "use-case-example.html"
        }],
        "nameUrl" : "use-case-example.html",
        "title" : "Use Case Example",
        "generation" : "markdown"
      }]
    },
    "parameter" : [{
      "code" : "path-resource",
      "value" : "input/capabilities"
    },
    {
      "code" : "path-resource",
      "value" : "input/examples"
    },
    {
      "code" : "path-resource",
      "value" : "input/extensions"
    },
    {
      "code" : "path-resource",
      "value" : "input/models"
    },
    {
      "code" : "path-resource",
      "value" : "input/operations"
    },
    {
      "code" : "path-resource",
      "value" : "input/profiles"
    },
    {
      "code" : "path-resource",
      "value" : "input/resources"
    },
    {
      "code" : "path-resource",
      "value" : "input/vocabulary"
    },
    {
      "code" : "path-resource",
      "value" : "input/maps"
    },
    {
      "code" : "path-resource",
      "value" : "input/testing"
    },
    {
      "code" : "path-resource",
      "value" : "input/history"
    },
    {
      "code" : "path-resource",
      "value" : "fsh-generated/resources"
    },
    {
      "code" : "path-pages",
      "value" : "template/config"
    },
    {
      "code" : "path-pages",
      "value" : "input/images"
    },
    {
      "code" : "path-tx-cache",
      "value" : "input-cache/txcache"
    }]
  }
}