<?xml version="1.0" encoding="UTF-8"?>

<Medication xmlns="http://hl7.org/fhir">
  <id value="6f4151e9-91f6-4f1e-adc3-fb94dda77856"/>
  <text>
    <status value="generated"/><div xmlns="http://www.w3.org/1999/xhtml"><p><b>Generated Narrative: Medication</b><a name="6f4151e9-91f6-4f1e-adc3-fb94dda77856"> </a></p><div style="display: inline-block; background-color: #d9e0e7; padding: 6px; margin: 4px; border: 1px solid #8da1b4; border-radius: 5px; line-height: 60%"><p style="margin-bottom: 0px">Resource Medication &quot;6f4151e9-91f6-4f1e-adc3-fb94dda77856&quot; </p></div><p><b>code</b>: SORIA NATURAL VITAMINA C 36 COMPRIMIDOS <span style="background: LightGoldenRodYellow; margin: 4px; border: 1px solid khaki"> (man#kkk; <a href="http://terminology.hl7.org/5.0.0/CodeSystem-v3-WC.html">WHO ATC</a>#R01AA05 &quot;oxymetazoline&quot;)</span></p><p><b>form</b>: Modified-release tablet <span style="background: LightGoldenRodYellow; margin: 4px; border: 1px solid khaki"> (standardterms.edqm.eu#10227000)</span></p><h3>Ingredients</h3><table class="grid"><tr><td>-</td><td><b>Item[x]</b></td></tr><tr><td>*</td><td>Vitamin C <span style="background: LightGoldenRodYellow; margin: 4px; border: 1px solid khaki"> (<a href="http://terminology.hl7.org/5.0.0/CodeSystem-UNII.html">Unique Ingredient Identifier (UNII)</a>#PQ6CK8PD0R &quot;ASCORBIC ACID&quot;)</span></td></tr></table></div>
  </text>
  <code>
    <coding>
      <system value="https://www.gravitatehealth.eu/sid/man"/>
      <code value="kkk"/>
      <display value="SORIA NATURAL VITAMINA C 36 COMPRIMIDOS"/>
    </coding>
    <coding>
      <system value="http://www.whocc.no/atc"/>
      <code value="R01AA05"/>
      <display value="oxymetazoline"/>
    </coding>
  </code>
  <form>
    <coding>
      <system value="http://standardterms.edqm.eu"/>
      <code value="10227000"/>
      <display value="Modified-release tablet"/>
    </coding>
    <text value="Modified-release tablet"/>
  </form>
  <ingredient>
    <itemCodeableConcept>
      <coding>
        <system value="http://fdasis.nlm.nih.gov"/>
        <code value="PQ6CK8PD0R"/>
        <display value="ASCORBIC ACID"/>
      </coding>
      <text value="Vitamin C"/>
    </itemCodeableConcept>
  </ingredient>
</Medication>