<?xml version="1.0" encoding="UTF-8"?>

<Medication xmlns="http://hl7.org/fhir">
  <id value="fdb5c97f-0a46-41ba-bc34-2efd2ef2f7et"/>
  <text>
    <status value="generated"/><div xmlns="http://www.w3.org/1999/xhtml"><p><b>Generated Narrative: Medication</b><a name="fdb5c97f-0a46-41ba-bc34-2efd2ef2f7et"> </a></p><div style="display: inline-block; background-color: #d9e0e7; padding: 6px; margin: 4px; border: 1px solid #8da1b4; border-radius: 5px; line-height: 60%"><p style="margin-bottom: 0px">Resource Medication &quot;fdb5c97f-0a46-41ba-bc34-2efd2ef2f7et&quot; </p></div><p><b>code</b>: DOLOCATIL 1 g tablets <span style="background: LightGoldenRodYellow; margin: 4px; border: 1px solid khaki"> (marketingAuthorizationNumber#PL31654/0006; <a href="http://terminology.hl7.org/5.0.0/CodeSystem-v3-WC.html">WHO ATC</a>#N02BE01 &quot;paracetamol&quot;)</span></p><p><b>form</b>: Coated tablet <span style="background: LightGoldenRodYellow; margin: 4px; border: 1px solid khaki"> (standardterms.edqm.eu#10220000)</span></p><h3>Ingredients</h3><table class="grid"><tr><td>-</td><td><b>Item[x]</b></td><td><b>Strength</b></td></tr><tr><td>*</td><td>ACETAMINOPHEN <span style="background: LightGoldenRodYellow; margin: 4px; border: 1px solid khaki"> (<a href="http://terminology.hl7.org/5.0.0/CodeSystem-UNII.html">Unique Ingredient Identifier (UNII)</a>#362O9ITL9D)</span></td><td>1000 mg<span style="background: LightGoldenRodYellow"> (Details: UCUM code mg = 'mg')</span>/1 Tablet<span style="background: LightGoldenRodYellow"> (Details: http://standardterms.edqm.eu code 15054000 = 'Tablet')</span></td></tr></table></div>
  </text>
  <code>
    <coding>
      <system value="http://ema.europa.eu/fhir/marketingAuthorizationNumber"/>
      <code value="PL31654/0006"/>
      <display value="DOLOCATIL 1 g tablets"/>
    </coding>
    <coding>
      <system value="http://www.whocc.no/atc"/>
      <code value="N02BE01"/>
      <display value="paracetamol"/>
    </coding>
  </code>
  <form>
    <coding>
      <system value="http://standardterms.edqm.eu"/>
      <code value="10220000"/>
      <display value="Coated tablet"/>
    </coding>
  </form>
  <ingredient>
    <itemCodeableConcept>
      <coding>
        <system value="http://fdasis.nlm.nih.gov"/>
        <code value="362O9ITL9D"/>
        <display value="ACETAMINOPHEN"/>
      </coding>
      <text value="ACETAMINOPHEN"/>
    </itemCodeableConcept>
    <strength>
      <numerator>
        <value value="1000"/>
        <system value="http://unitsofmeasure.org"/>
        <code value="mg"/>
      </numerator>
      <denominator>
        <value value="1"/>
        <unit value="Tablet"/>
        <system value="http://standardterms.edqm.eu"/>
        <code value="15054000"/>
      </denominator>
    </strength>
  </ingredient>
</Medication>