{
  "resourceType" : "MedicationStatement",
  "id" : "matilda-med-stat-1",
  "text" : {
    "status" : "generated",
    "div" : "<div xmlns=\"http://www.w3.org/1999/xhtml\"><p><b>Generated Narrative: MedicationStatement</b><a name=\"matilda-med-stat-1\"> </a></p><div style=\"display: inline-block; background-color: #d9e0e7; padding: 6px; margin: 4px; border: 1px solid #8da1b4; border-radius: 5px; line-height: 60%\"><p style=\"margin-bottom: 0px\">Resource MedicationStatement &quot;matilda-med-stat-1&quot; </p></div><p><b>status</b>: active</p><p><b>medication</b>: <a href=\"Medication-9d7be868-8264-4d94-ad04-ef04ecc92e51.html\">Medication/9d7be868-8264-4d94-ad04-ef04ecc92e51: Humira 40 mg</a></p><p><b>subject</b>: <a href=\"Patient-matilda-patient.html\">Patient/matilda-patient: Matilda Gravitate</a> &quot; GRAVITATE&quot;</p><h3>Dosages</h3><table class=\"grid\"><tr><td>-</td><td><b>Route</b></td></tr><tr><td>*</td><td>Subcutaneous use <span style=\"background: LightGoldenRodYellow; margin: 4px; border: 1px solid khaki\"> (standardterms.edqm.eu#20066000)</span></td></tr></table></div>"
  },
  "status" : "active",
  "medicationReference" : {
    "reference" : "Medication/9d7be868-8264-4d94-ad04-ef04ecc92e51",
    "display" : "Humira 40 mg"
  },
  "subject" : {
    "reference" : "Patient/matilda-patient",
    "display" : "Matilda Gravitate"
  },
  "dosage" : [{
    "route" : {
      "coding" : [{
        "system" : "http://standardterms.edqm.eu",
        "code" : "20066000",
        "display" : "Subcutaneous use"
      }]
    }
  }]
}