{
  "resourceType" : "Questionnaire",
  "id" : "Questionnaire",
  "text" : {
    "status" : "generated",
    "div" : "<div xmlns=\"http://www.w3.org/1999/xhtml\"><b>Structure</b><table border=\"1\" cellpadding=\"0\" cellspacing=\"0\" style=\"border: 1px #F0F0F0 solid; font-size: 11px; font-family: verdana; vertical-align: top;\"><tr style=\"border: 2px #F0F0F0 solid; font-size: 11px; font-family: verdana; vertical-align: top\"><th style=\"vertical-align: top; text-align : left; background-color: white; border: 1px #F0F0F0 solid; padding:0px 4px 0px 4px\" class=\"hierarchy\"><a href=\"http://hl7.org/fhir/R4/formats.html#table\" title=\"The linkId for the item\">LinkId</a></th><th style=\"vertical-align: top; text-align : left; background-color: white; border: 1px #F0F0F0 solid; padding:0px 4px 0px 4px\" class=\"hierarchy\"><a href=\"http://hl7.org/fhir/R4/formats.html#table\" title=\"Text for the item\">Text</a></th><th style=\"vertical-align: top; text-align : left; background-color: white; border: 1px #F0F0F0 solid; padding:0px 4px 0px 4px\" class=\"hierarchy\"><a href=\"http://hl7.org/fhir/R4/formats.html#table\" title=\"Minimum and Maximum # of times the the itemcan appear in the instance\">Cardinality</a></th><th style=\"vertical-align: top; text-align : left; background-color: white; border: 1px #F0F0F0 solid; padding:0px 4px 0px 4px\" class=\"hierarchy\"><a href=\"http://hl7.org/fhir/R4/formats.html#table\" title=\"The type of the item\">Type</a></th><th style=\"vertical-align: top; text-align : left; background-color: white; border: 1px #F0F0F0 solid; padding:0px 4px 0px 4px\" class=\"hierarchy\"><a href=\"http://hl7.org/fhir/R4/formats.html#table\" title=\"Additional information about the item\">Description &amp; Constraints</a><span style=\"float: right\"><a href=\"http://hl7.org/fhir/R4/formats.html#table\" title=\"Legend for this format\"><img src=\"http://hl7.org/fhir/R4/help16.png\" alt=\"doco\" style=\"background-color: inherit\"/></a></span></th></tr><tr style=\"border: 1px #F0F0F0 solid; padding:0px; vertical-align: top; background-color: white\"><td style=\"vertical-align: top; text-align : left; background-color: white; border: 1px #F0F0F0 solid; padding:0px 4px 0px 4px; white-space: nowrap; background-image: url(tbl_bck1.png)\" class=\"hierarchy\"><img src=\"tbl_spacer.png\" alt=\".\" style=\"background-color: inherit\" class=\"hierarchy\"/><img src=\"icon_q_root.gif\" alt=\".\" style=\"background-color: white; background-color: inherit\" title=\"QuestionnaireRoot\" class=\"hierarchy\"/> </td><td style=\"vertical-align: top; text-align : left; background-color: white; border: 1px #F0F0F0 solid; padding:0px 4px 0px 4px\" class=\"hierarchy\">An questionnaire to gather personal info regarding mental stability</td><td style=\"vertical-align: top; text-align : left; background-color: white; border: 1px #F0F0F0 solid; padding:0px 4px 0px 4px\" class=\"hierarchy\"></td><td style=\"vertical-align: top; text-align : left; background-color: white; border: 1px #F0F0F0 solid; padding:0px 4px 0px 4px\" class=\"hierarchy\">Questionnaire</td><td style=\"vertical-align: top; text-align : left; background-color: white; border: 1px #F0F0F0 solid; padding:0px 4px 0px 4px\" class=\"hierarchy\">http://hl7.eu/fhir/ig/gravitate-health-ips/Questionnaire/Questionnaire#0.1.0</td></tr>\r\n<tr style=\"border: 1px #F0F0F0 solid; padding:0px; vertical-align: top; background-color: #F7F7F7\"><td style=\"vertical-align: top; text-align : left; background-color: #F7F7F7; border: 1px #F0F0F0 solid; padding:0px 4px 0px 4px; white-space: nowrap; background-image: url(tbl_bck10.png)\" id=\"item.age\" class=\"hierarchy\"><img src=\"tbl_spacer.png\" alt=\".\" style=\"background-color: inherit\" class=\"hierarchy\"/><img src=\"tbl_vjoin.png\" alt=\".\" style=\"background-color: inherit\" class=\"hierarchy\"/><img src=\"icon-q-quantity.png\" alt=\".\" style=\"background-color: #F7F7F7; background-color: inherit\" title=\"Quantity\" class=\"hierarchy\"/> age</td><td style=\"vertical-align: top; text-align : left; background-color: #F7F7F7; border: 1px #F0F0F0 solid; padding:0px 4px 0px 4px\" class=\"hierarchy\">1. What's your age?</td><td style=\"vertical-align: top; text-align : left; background-color: #F7F7F7; border: 1px #F0F0F0 solid; padding:0px 4px 0px 4px\" class=\"hierarchy\">0..1</td><td style=\"vertical-align: top; text-align : left; background-color: #F7F7F7; border: 1px #F0F0F0 solid; padding:0px 4px 0px 4px\" class=\"hierarchy\"><a href=\"http://hl7.org/fhir/R4/codesystem-item-type.html#item-type-quantity\">quantity</a></td><td style=\"vertical-align: top; text-align : left; background-color: #F7F7F7; border: 1px #F0F0F0 solid; padding:0px 4px 0px 4px\" class=\"hierarchy\"/></tr>\r\n<tr style=\"border: 1px #F0F0F0 solid; padding:0px; vertical-align: top; background-color: white\"><td style=\"vertical-align: top; text-align : left; background-color: white; border: 1px #F0F0F0 solid; padding:0px 4px 0px 4px; white-space: nowrap; background-image: url(tbl_bck10.png)\" id=\"item.social-sup\" class=\"hierarchy\"><img src=\"tbl_spacer.png\" alt=\".\" style=\"background-color: inherit\" class=\"hierarchy\"/><img src=\"tbl_vjoin.png\" alt=\".\" style=\"background-color: inherit\" class=\"hierarchy\"/><img src=\"icon-q-coding.png\" alt=\".\" style=\"background-color: white; background-color: inherit\" title=\"Coding\" class=\"hierarchy\"/> social-sup</td><td style=\"vertical-align: top; text-align : left; background-color: white; border: 1px #F0F0F0 solid; padding:0px 4px 0px 4px\" class=\"hierarchy\">2. How's your Social Support?</td><td style=\"vertical-align: top; text-align : left; background-color: white; border: 1px #F0F0F0 solid; padding:0px 4px 0px 4px\" class=\"hierarchy\">0..1</td><td style=\"vertical-align: top; text-align : left; background-color: white; border: 1px #F0F0F0 solid; padding:0px 4px 0px 4px\" class=\"hierarchy\"><a href=\"http://hl7.org/fhir/R4/codesystem-item-type.html#item-type-choice\">choice</a></td><td style=\"vertical-align: top; text-align : left; background-color: white; border: 1px #F0F0F0 solid; padding:0px 4px 0px 4px\" class=\"hierarchy\">Options: <a href=\"#opt-item.social-sup\">4 options</a></td></tr>\r\n<tr style=\"border: 1px #F0F0F0 solid; padding:0px; vertical-align: top; background-color: #F7F7F7\"><td style=\"vertical-align: top; text-align : left; background-color: #F7F7F7; border: 1px #F0F0F0 solid; padding:0px 4px 0px 4px; white-space: nowrap; background-image: url(tbl_bck10.png)\" id=\"item.workLife\" class=\"hierarchy\"><img src=\"tbl_spacer.png\" alt=\".\" style=\"background-color: inherit\" class=\"hierarchy\"/><img src=\"tbl_vjoin.png\" alt=\".\" style=\"background-color: inherit\" class=\"hierarchy\"/><img src=\"icon-q-coding.png\" alt=\".\" style=\"background-color: #F7F7F7; background-color: inherit\" title=\"Coding\" class=\"hierarchy\"/> workLife</td><td style=\"vertical-align: top; text-align : left; background-color: #F7F7F7; border: 1px #F0F0F0 solid; padding:0px 4px 0px 4px\" class=\"hierarchy\">3. How's your work Life ?</td><td style=\"vertical-align: top; text-align : left; background-color: #F7F7F7; border: 1px #F0F0F0 solid; padding:0px 4px 0px 4px\" class=\"hierarchy\">0..1</td><td style=\"vertical-align: top; text-align : left; background-color: #F7F7F7; border: 1px #F0F0F0 solid; padding:0px 4px 0px 4px\" class=\"hierarchy\"><a href=\"http://hl7.org/fhir/R4/codesystem-item-type.html#item-type-choice\">choice</a></td><td style=\"vertical-align: top; text-align : left; background-color: #F7F7F7; border: 1px #F0F0F0 solid; padding:0px 4px 0px 4px\" class=\"hierarchy\">Options: <a href=\"#opt-item.workLife\">3 options</a></td></tr>\r\n<tr style=\"border: 1px #F0F0F0 solid; padding:0px; vertical-align: top; background-color: white\"><td style=\"vertical-align: top; text-align : left; background-color: white; border: 1px #F0F0F0 solid; padding:0px 4px 0px 4px; white-space: nowrap; background-image: url(tbl_bck10.png)\" id=\"item.smoking\" class=\"hierarchy\"><img src=\"tbl_spacer.png\" alt=\".\" style=\"background-color: inherit\" class=\"hierarchy\"/><img src=\"tbl_vjoin.png\" alt=\".\" style=\"background-color: inherit\" class=\"hierarchy\"/><img src=\"icon-q-coding.png\" alt=\".\" style=\"background-color: white; background-color: inherit\" title=\"Coding\" class=\"hierarchy\"/> smoking</td><td style=\"vertical-align: top; text-align : left; background-color: white; border: 1px #F0F0F0 solid; padding:0px 4px 0px 4px\" class=\"hierarchy\">4. How many cigaretes do you smoke per day?</td><td style=\"vertical-align: top; text-align : left; background-color: white; border: 1px #F0F0F0 solid; padding:0px 4px 0px 4px\" class=\"hierarchy\">0..1</td><td style=\"vertical-align: top; text-align : left; background-color: white; border: 1px #F0F0F0 solid; padding:0px 4px 0px 4px\" class=\"hierarchy\"><a href=\"http://hl7.org/fhir/R4/codesystem-item-type.html#item-type-choice\">choice</a></td><td style=\"vertical-align: top; text-align : left; background-color: white; border: 1px #F0F0F0 solid; padding:0px 4px 0px 4px\" class=\"hierarchy\">Options: <a href=\"#opt-item.smoking\">4 options</a></td></tr>\r\n<tr style=\"border: 1px #F0F0F0 solid; padding:0px; vertical-align: top; background-color: #F7F7F7\"><td style=\"vertical-align: top; text-align : left; background-color: #F7F7F7; border: 1px #F0F0F0 solid; padding:0px 4px 0px 4px; white-space: nowrap; background-image: url(tbl_bck10.png)\" id=\"item.physical\" class=\"hierarchy\"><img src=\"tbl_spacer.png\" alt=\".\" style=\"background-color: inherit\" class=\"hierarchy\"/><img src=\"tbl_vjoin.png\" alt=\".\" style=\"background-color: inherit\" class=\"hierarchy\"/><img src=\"icon-q-coding.png\" alt=\".\" style=\"background-color: #F7F7F7; background-color: inherit\" title=\"Coding\" class=\"hierarchy\"/> physical</td><td style=\"vertical-align: top; text-align : left; background-color: #F7F7F7; border: 1px #F0F0F0 solid; padding:0px 4px 0px 4px\" class=\"hierarchy\">5. How is your physical activity?</td><td style=\"vertical-align: top; text-align : left; background-color: #F7F7F7; border: 1px #F0F0F0 solid; padding:0px 4px 0px 4px\" class=\"hierarchy\">0..1</td><td style=\"vertical-align: top; text-align : left; background-color: #F7F7F7; border: 1px #F0F0F0 solid; padding:0px 4px 0px 4px\" class=\"hierarchy\"><a href=\"http://hl7.org/fhir/R4/codesystem-item-type.html#item-type-choice\">choice</a></td><td style=\"vertical-align: top; text-align : left; background-color: #F7F7F7; border: 1px #F0F0F0 solid; padding:0px 4px 0px 4px\" class=\"hierarchy\">Options: <a href=\"#opt-item.physical\">4 options</a></td></tr>\r\n<tr style=\"border: 1px #F0F0F0 solid; padding:0px; vertical-align: top; background-color: white\"><td style=\"vertical-align: top; text-align : left; background-color: white; border: 1px #F0F0F0 solid; padding:0px 4px 0px 4px; white-space: nowrap; background-image: url(tbl_bck10.png)\" id=\"item.extrovert\" class=\"hierarchy\"><img src=\"tbl_spacer.png\" alt=\".\" style=\"background-color: inherit\" class=\"hierarchy\"/><img src=\"tbl_vjoin.png\" alt=\".\" style=\"background-color: inherit\" class=\"hierarchy\"/><img src=\"icon-q-coding.png\" alt=\".\" style=\"background-color: white; background-color: inherit\" title=\"Coding\" class=\"hierarchy\"/> extrovert</td><td style=\"vertical-align: top; text-align : left; background-color: white; border: 1px #F0F0F0 solid; padding:0px 4px 0px 4px\" class=\"hierarchy\">6. How Extrovert do you feel?</td><td style=\"vertical-align: top; text-align : left; background-color: white; border: 1px #F0F0F0 solid; padding:0px 4px 0px 4px\" class=\"hierarchy\">0..1</td><td style=\"vertical-align: top; text-align : left; background-color: white; border: 1px #F0F0F0 solid; padding:0px 4px 0px 4px\" class=\"hierarchy\"><a href=\"http://hl7.org/fhir/R4/codesystem-item-type.html#item-type-choice\">choice</a></td><td style=\"vertical-align: top; text-align : left; background-color: white; border: 1px #F0F0F0 solid; padding:0px 4px 0px 4px\" class=\"hierarchy\">Options: <a href=\"#opt-item.extrovert\">3 options</a></td></tr>\r\n<tr style=\"border: 1px #F0F0F0 solid; padding:0px; vertical-align: top; background-color: #F7F7F7\"><td style=\"vertical-align: top; text-align : left; background-color: #F7F7F7; border: 1px #F0F0F0 solid; padding:0px 4px 0px 4px; white-space: nowrap; background-image: url(tbl_bck10.png)\" id=\"item.emotional\" class=\"hierarchy\"><img src=\"tbl_spacer.png\" alt=\".\" style=\"background-color: inherit\" class=\"hierarchy\"/><img src=\"tbl_vjoin.png\" alt=\".\" style=\"background-color: inherit\" class=\"hierarchy\"/><img src=\"icon-q-coding.png\" alt=\".\" style=\"background-color: #F7F7F7; background-color: inherit\" title=\"Coding\" class=\"hierarchy\"/> emotional</td><td style=\"vertical-align: top; text-align : left; background-color: #F7F7F7; border: 1px #F0F0F0 solid; padding:0px 4px 0px 4px\" class=\"hierarchy\">7. How emotional do you feel?</td><td style=\"vertical-align: top; text-align : left; background-color: #F7F7F7; border: 1px #F0F0F0 solid; padding:0px 4px 0px 4px\" class=\"hierarchy\">0..1</td><td style=\"vertical-align: top; text-align : left; background-color: #F7F7F7; border: 1px #F0F0F0 solid; padding:0px 4px 0px 4px\" class=\"hierarchy\"><a href=\"http://hl7.org/fhir/R4/codesystem-item-type.html#item-type-choice\">choice</a></td><td style=\"vertical-align: top; text-align : left; background-color: #F7F7F7; border: 1px #F0F0F0 solid; padding:0px 4px 0px 4px\" class=\"hierarchy\">Options: <a href=\"#opt-item.emotional\">3 options</a></td></tr>\r\n<tr style=\"border: 1px #F0F0F0 solid; padding:0px; vertical-align: top; background-color: white\"><td style=\"vertical-align: top; text-align : left; background-color: white; border: 1px #F0F0F0 solid; padding:0px 4px 0px 4px; white-space: nowrap; background-image: url(tbl_bck10.png)\" id=\"item.nrdiagnoses\" class=\"hierarchy\"><img src=\"tbl_spacer.png\" alt=\".\" style=\"background-color: inherit\" class=\"hierarchy\"/><img src=\"tbl_vjoin.png\" alt=\".\" style=\"background-color: inherit\" class=\"hierarchy\"/><img src=\"icon-q-coding.png\" alt=\".\" style=\"background-color: white; background-color: inherit\" title=\"Coding\" class=\"hierarchy\"/> nrdiagnoses</td><td style=\"vertical-align: top; text-align : left; background-color: white; border: 1px #F0F0F0 solid; padding:0px 4px 0px 4px\" class=\"hierarchy\">8. Nr of Diagnoses that you have?</td><td style=\"vertical-align: top; text-align : left; background-color: white; border: 1px #F0F0F0 solid; padding:0px 4px 0px 4px\" class=\"hierarchy\">0..1</td><td style=\"vertical-align: top; text-align : left; background-color: white; border: 1px #F0F0F0 solid; padding:0px 4px 0px 4px\" class=\"hierarchy\"><a href=\"http://hl7.org/fhir/R4/codesystem-item-type.html#item-type-choice\">choice</a></td><td style=\"vertical-align: top; text-align : left; background-color: white; border: 1px #F0F0F0 solid; padding:0px 4px 0px 4px\" class=\"hierarchy\">Options: <a href=\"#opt-item.nrdiagnoses\">4 options</a></td></tr>\r\n<tr style=\"border: 1px #F0F0F0 solid; padding:0px; vertical-align: top; background-color: #F7F7F7\"><td style=\"vertical-align: top; text-align : left; background-color: #F7F7F7; border: 1px #F0F0F0 solid; padding:0px 4px 0px 4px; white-space: nowrap; background-image: url(tbl_bck10.png)\" id=\"item.chronic\" class=\"hierarchy\"><img src=\"tbl_spacer.png\" alt=\".\" style=\"background-color: inherit\" class=\"hierarchy\"/><img src=\"tbl_vjoin.png\" alt=\".\" style=\"background-color: inherit\" class=\"hierarchy\"/><img src=\"icon-q-boolean.png\" alt=\".\" style=\"background-color: #F7F7F7; background-color: inherit\" title=\"Boolean\" class=\"hierarchy\"/> chronic</td><td style=\"vertical-align: top; text-align : left; background-color: #F7F7F7; border: 1px #F0F0F0 solid; padding:0px 4px 0px 4px\" class=\"hierarchy\">9. Do you have a chronic afliction?</td><td style=\"vertical-align: top; text-align : left; background-color: #F7F7F7; border: 1px #F0F0F0 solid; padding:0px 4px 0px 4px\" class=\"hierarchy\">0..1</td><td style=\"vertical-align: top; text-align : left; background-color: #F7F7F7; border: 1px #F0F0F0 solid; padding:0px 4px 0px 4px\" class=\"hierarchy\"><a href=\"http://hl7.org/fhir/R4/codesystem-item-type.html#item-type-boolean\">boolean</a></td><td style=\"vertical-align: top; text-align : left; background-color: #F7F7F7; border: 1px #F0F0F0 solid; padding:0px 4px 0px 4px\" class=\"hierarchy\"/></tr>\r\n<tr style=\"border: 1px #F0F0F0 solid; padding:0px; vertical-align: top; background-color: white\"><td style=\"vertical-align: top; text-align : left; background-color: white; border: 1px #F0F0F0 solid; padding:0px 4px 0px 4px; white-space: nowrap; background-image: url(tbl_bck10.png)\" id=\"item.nrmedicine\" class=\"hierarchy\"><img src=\"tbl_spacer.png\" alt=\".\" style=\"background-color: inherit\" class=\"hierarchy\"/><img src=\"tbl_vjoin.png\" alt=\".\" style=\"background-color: inherit\" class=\"hierarchy\"/><img src=\"icon-q-coding.png\" alt=\".\" style=\"background-color: white; background-color: inherit\" title=\"Coding\" class=\"hierarchy\"/> nrmedicine</td><td style=\"vertical-align: top; text-align : left; background-color: white; border: 1px #F0F0F0 solid; padding:0px 4px 0px 4px\" class=\"hierarchy\">10. Nr of medicines that you have?</td><td style=\"vertical-align: top; text-align : left; background-color: white; border: 1px #F0F0F0 solid; padding:0px 4px 0px 4px\" class=\"hierarchy\">0..1</td><td style=\"vertical-align: top; text-align : left; background-color: white; border: 1px #F0F0F0 solid; padding:0px 4px 0px 4px\" class=\"hierarchy\"><a href=\"http://hl7.org/fhir/R4/codesystem-item-type.html#item-type-choice\">choice</a></td><td style=\"vertical-align: top; text-align : left; background-color: white; border: 1px #F0F0F0 solid; padding:0px 4px 0px 4px\" class=\"hierarchy\">Options: <a href=\"#opt-item.nrmedicine\">4 options</a></td></tr>\r\n<tr style=\"border: 1px #F0F0F0 solid; padding:0px; vertical-align: top; background-color: #F7F7F7\"><td style=\"vertical-align: top; text-align : left; background-color: #F7F7F7; border: 1px #F0F0F0 solid; padding:0px 4px 0px 4px; white-space: nowrap; background-image: url(tbl_bck10.png)\" id=\"item.healthadvice\" class=\"hierarchy\"><img src=\"tbl_spacer.png\" alt=\".\" style=\"background-color: inherit\" class=\"hierarchy\"/><img src=\"tbl_vjoin.png\" alt=\".\" style=\"background-color: inherit\" class=\"hierarchy\"/><img src=\"icon-q-coding.png\" alt=\".\" style=\"background-color: #F7F7F7; background-color: inherit\" title=\"Coding\" class=\"hierarchy\"/> healthadvice</td><td style=\"vertical-align: top; text-align : left; background-color: #F7F7F7; border: 1px #F0F0F0 solid; padding:0px 4px 0px 4px\" class=\"hierarchy\">11. Did you receive any health advice?</td><td style=\"vertical-align: top; text-align : left; background-color: #F7F7F7; border: 1px #F0F0F0 solid; padding:0px 4px 0px 4px\" class=\"hierarchy\">0..1</td><td style=\"vertical-align: top; text-align : left; background-color: #F7F7F7; border: 1px #F0F0F0 solid; padding:0px 4px 0px 4px\" class=\"hierarchy\"><a href=\"http://hl7.org/fhir/R4/codesystem-item-type.html#item-type-choice\">choice</a></td><td style=\"vertical-align: top; text-align : left; background-color: #F7F7F7; border: 1px #F0F0F0 solid; padding:0px 4px 0px 4px\" class=\"hierarchy\">Options: <a href=\"#opt-item.healthadvice\">4 options</a></td></tr>\r\n<tr style=\"border: 1px #F0F0F0 solid; padding:0px; vertical-align: top; background-color: white\"><td style=\"vertical-align: top; text-align : left; background-color: white; border: 1px #F0F0F0 solid; padding:0px 4px 0px 4px; white-space: nowrap; background-image: url(tbl_bck10.png)\" id=\"item.concern\" class=\"hierarchy\"><img src=\"tbl_spacer.png\" alt=\".\" style=\"background-color: inherit\" class=\"hierarchy\"/><img src=\"tbl_vjoin.png\" alt=\".\" style=\"background-color: inherit\" class=\"hierarchy\"/><img src=\"icon-q-coding.png\" alt=\".\" style=\"background-color: white; background-color: inherit\" title=\"Coding\" class=\"hierarchy\"/> concern</td><td style=\"vertical-align: top; text-align : left; background-color: white; border: 1px #F0F0F0 solid; padding:0px 4px 0px 4px\" class=\"hierarchy\">12. Did you have any concern domains?</td><td style=\"vertical-align: top; text-align : left; background-color: white; border: 1px #F0F0F0 solid; padding:0px 4px 0px 4px\" class=\"hierarchy\">0..1</td><td style=\"vertical-align: top; text-align : left; background-color: white; border: 1px #F0F0F0 solid; padding:0px 4px 0px 4px\" class=\"hierarchy\"><a href=\"http://hl7.org/fhir/R4/codesystem-item-type.html#item-type-choice\">choice</a></td><td style=\"vertical-align: top; text-align : left; background-color: white; border: 1px #F0F0F0 solid; padding:0px 4px 0px 4px\" class=\"hierarchy\">Options: <a href=\"#opt-item.concern\">4 options</a></td></tr>\r\n<tr style=\"border: 1px #F0F0F0 solid; padding:0px; vertical-align: top; background-color: #F7F7F7\"><td style=\"vertical-align: top; text-align : left; background-color: #F7F7F7; border: 1px #F0F0F0 solid; padding:0px 4px 0px 4px; white-space: nowrap; background-image: url(tbl_bck10.png)\" id=\"item.shareinfo\" class=\"hierarchy\"><img src=\"tbl_spacer.png\" alt=\".\" style=\"background-color: inherit\" class=\"hierarchy\"/><img src=\"tbl_vjoin.png\" alt=\".\" style=\"background-color: inherit\" class=\"hierarchy\"/><img src=\"icon-q-coding.png\" alt=\".\" style=\"background-color: #F7F7F7; background-color: inherit\" title=\"Coding\" class=\"hierarchy\"/> shareinfo</td><td style=\"vertical-align: top; text-align : left; background-color: #F7F7F7; border: 1px #F0F0F0 solid; padding:0px 4px 0px 4px\" class=\"hierarchy\">13. How willing are you to share information?</td><td style=\"vertical-align: top; text-align : left; background-color: #F7F7F7; border: 1px #F0F0F0 solid; padding:0px 4px 0px 4px\" class=\"hierarchy\">0..1</td><td style=\"vertical-align: top; text-align : left; background-color: #F7F7F7; border: 1px #F0F0F0 solid; padding:0px 4px 0px 4px\" class=\"hierarchy\"><a href=\"http://hl7.org/fhir/R4/codesystem-item-type.html#item-type-choice\">choice</a></td><td style=\"vertical-align: top; text-align : left; background-color: #F7F7F7; border: 1px #F0F0F0 solid; padding:0px 4px 0px 4px\" class=\"hierarchy\">Options: <a href=\"#opt-item.shareinfo\">3 options</a></td></tr>\r\n<tr style=\"border: 1px #F0F0F0 solid; padding:0px; vertical-align: top; background-color: white\"><td style=\"vertical-align: top; text-align : left; background-color: white; border: 1px #F0F0F0 solid; padding:0px 4px 0px 4px; white-space: nowrap; background-image: url(tbl_bck10.png)\" id=\"item.mood\" class=\"hierarchy\"><img src=\"tbl_spacer.png\" alt=\".\" style=\"background-color: inherit\" class=\"hierarchy\"/><img src=\"tbl_vjoin.png\" alt=\".\" style=\"background-color: inherit\" class=\"hierarchy\"/><img src=\"icon-q-coding.png\" alt=\".\" style=\"background-color: white; background-color: inherit\" title=\"Coding\" class=\"hierarchy\"/> mood</td><td style=\"vertical-align: top; text-align : left; background-color: white; border: 1px #F0F0F0 solid; padding:0px 4px 0px 4px\" class=\"hierarchy\">14. How's your mood level?</td><td style=\"vertical-align: top; text-align : left; background-color: white; border: 1px #F0F0F0 solid; padding:0px 4px 0px 4px\" class=\"hierarchy\">0..1</td><td style=\"vertical-align: top; text-align : left; background-color: white; border: 1px #F0F0F0 solid; padding:0px 4px 0px 4px\" class=\"hierarchy\"><a href=\"http://hl7.org/fhir/R4/codesystem-item-type.html#item-type-choice\">choice</a></td><td style=\"vertical-align: top; text-align : left; background-color: white; border: 1px #F0F0F0 solid; padding:0px 4px 0px 4px\" class=\"hierarchy\">Options: <a href=\"#opt-item.mood\">3 options</a></td></tr>\r\n<tr style=\"border: 1px #F0F0F0 solid; padding:0px; vertical-align: top; background-color: #F7F7F7\"><td style=\"vertical-align: top; text-align : left; background-color: #F7F7F7; border: 1px #F0F0F0 solid; padding:0px 4px 0px 4px; white-space: nowrap; background-image: url(tbl_bck10.png)\" id=\"item.autonomy\" class=\"hierarchy\"><img src=\"tbl_spacer.png\" alt=\".\" style=\"background-color: inherit\" class=\"hierarchy\"/><img src=\"tbl_vjoin.png\" alt=\".\" style=\"background-color: inherit\" class=\"hierarchy\"/><img src=\"icon-q-coding.png\" alt=\".\" style=\"background-color: #F7F7F7; background-color: inherit\" title=\"Coding\" class=\"hierarchy\"/> autonomy</td><td style=\"vertical-align: top; text-align : left; background-color: #F7F7F7; border: 1px #F0F0F0 solid; padding:0px 4px 0px 4px\" class=\"hierarchy\">15. How's your Autonomy?</td><td style=\"vertical-align: top; text-align : left; background-color: #F7F7F7; border: 1px #F0F0F0 solid; padding:0px 4px 0px 4px\" class=\"hierarchy\">0..1</td><td style=\"vertical-align: top; text-align : left; background-color: #F7F7F7; border: 1px #F0F0F0 solid; padding:0px 4px 0px 4px\" class=\"hierarchy\"><a href=\"http://hl7.org/fhir/R4/codesystem-item-type.html#item-type-choice\">choice</a></td><td style=\"vertical-align: top; text-align : left; background-color: #F7F7F7; border: 1px #F0F0F0 solid; padding:0px 4px 0px 4px\" class=\"hierarchy\">Options: <a href=\"#opt-item.autonomy\">3 options</a></td></tr>\r\n<tr style=\"border: 1px #F0F0F0 solid; padding:0px; vertical-align: top; background-color: white\"><td style=\"vertical-align: top; text-align : left; background-color: white; border: 1px #F0F0F0 solid; padding:0px 4px 0px 4px; white-space: nowrap; background-image: url(tbl_bck10.png)\" id=\"item.healthliteracy\" class=\"hierarchy\"><img src=\"tbl_spacer.png\" alt=\".\" style=\"background-color: inherit\" class=\"hierarchy\"/><img src=\"tbl_vjoin.png\" alt=\".\" style=\"background-color: inherit\" class=\"hierarchy\"/><img src=\"icon-q-coding.png\" alt=\".\" style=\"background-color: white; background-color: inherit\" title=\"Coding\" class=\"hierarchy\"/> healthliteracy</td><td style=\"vertical-align: top; text-align : left; background-color: white; border: 1px #F0F0F0 solid; padding:0px 4px 0px 4px\" class=\"hierarchy\">16. How's your level of health literacy?</td><td style=\"vertical-align: top; text-align : left; background-color: white; border: 1px #F0F0F0 solid; padding:0px 4px 0px 4px\" class=\"hierarchy\">0..1</td><td style=\"vertical-align: top; text-align : left; background-color: white; border: 1px #F0F0F0 solid; padding:0px 4px 0px 4px\" class=\"hierarchy\"><a href=\"http://hl7.org/fhir/R4/codesystem-item-type.html#item-type-choice\">choice</a></td><td style=\"vertical-align: top; text-align : left; background-color: white; border: 1px #F0F0F0 solid; padding:0px 4px 0px 4px\" class=\"hierarchy\">Options: <a href=\"#opt-item.healthliteracy\">3 options</a></td></tr>\r\n<tr style=\"border: 1px #F0F0F0 solid; padding:0px; vertical-align: top; background-color: #F7F7F7\"><td style=\"vertical-align: top; text-align : left; background-color: #F7F7F7; border: 1px #F0F0F0 solid; padding:0px 4px 0px 4px; white-space: nowrap; background-image: url(tbl_bck00.png)\" id=\"item.toolsupport\" class=\"hierarchy\"><img src=\"tbl_spacer.png\" alt=\".\" style=\"background-color: inherit\" class=\"hierarchy\"/><img src=\"tbl_vjoin_end.png\" alt=\".\" style=\"background-color: inherit\" class=\"hierarchy\"/><img src=\"icon-q-coding.png\" alt=\".\" style=\"background-color: #F7F7F7; background-color: inherit\" title=\"Coding\" class=\"hierarchy\"/> toolsupport</td><td style=\"vertical-align: top; text-align : left; background-color: #F7F7F7; border: 1px #F0F0F0 solid; padding:0px 4px 0px 4px\" class=\"hierarchy\">17. How's your level of tool support interest?</td><td style=\"vertical-align: top; text-align : left; background-color: #F7F7F7; border: 1px #F0F0F0 solid; padding:0px 4px 0px 4px\" class=\"hierarchy\">0..1</td><td style=\"vertical-align: top; text-align : left; background-color: #F7F7F7; border: 1px #F0F0F0 solid; padding:0px 4px 0px 4px\" class=\"hierarchy\"><a href=\"http://hl7.org/fhir/R4/codesystem-item-type.html#item-type-choice\">choice</a></td><td style=\"vertical-align: top; text-align : left; background-color: #F7F7F7; border: 1px #F0F0F0 solid; padding:0px 4px 0px 4px\" class=\"hierarchy\">Options: <a href=\"#opt-item.toolsupport\">3 options</a></td></tr>\r\n<tr><td colspan=\"5\" class=\"hierarchy\"><br/><a href=\"http://hl7.org/fhir/R4/formats.html#table\" title=\"Legend for this format\"><img src=\"http://hl7.org/fhir/R4/help16.png\" alt=\"doco\" style=\"background-color: inherit\"/> Documentation for this format</a></td></tr></table><hr/><p><b>Option Sets</b></p><a name=\"opt-item.social-sup\"> </a><p><b>Answer options for social-sup</b></p><ul><li style=\"font-size: 11px\">https://system-so-and-so#None (&quot;None&quot;)</li><li style=\"font-size: 11px\">https://system-so-and-so#Low (&quot;Low&quot;)</li><li style=\"font-size: 11px\">https://system-so-and-so#Medium (&quot;Medium&quot;)</li><li style=\"font-size: 11px\">https://system-so-and-so#High (&quot;High&quot;)</li></ul><a name=\"opt-item.workLife\"> </a><p><b>Answer options for workLife</b></p><ul><li style=\"font-size: 11px\">https://system-so-and-so#U (&quot;Unemployed/Retired&quot;)</li><li style=\"font-size: 11px\">https://system-so-and-so#EM (&quot;Employed Manual&quot;)</li><li style=\"font-size: 11px\">https://system-so-and-so#ENM (&quot;Employed non Manual&quot;)</li></ul><a name=\"opt-item.smoking\"> </a><p><b>Answer options for smoking</b></p><ul><li style=\"font-size: 11px\">https://system-so-and-so#1 (&quot;Non Smoker&quot;)</li><li style=\"font-size: 11px\">https://system-so-and-so#1 (&quot;1-5&quot;)</li><li style=\"font-size: 11px\">https://system-so-and-so#2 (&quot;5-20&quot;)</li><li style=\"font-size: 11px\">https://system-so-and-so#3 (&quot;&gt;20&quot;)</li></ul><a name=\"opt-item.physical\"> </a><p><b>Answer options for physical</b></p><ul><li style=\"font-size: 11px\">https://system-so-and-so#None (&quot;None&quot;)</li><li style=\"font-size: 11px\">https://system-so-and-so#Low (&quot;Low&quot;)</li><li style=\"font-size: 11px\">https://system-so-and-so#Medium (&quot;Medium&quot;)</li><li style=\"font-size: 11px\">https://system-so-and-so#High (&quot;High&quot;)</li></ul><a name=\"opt-item.extrovert\"> </a><p><b>Answer options for extrovert</b></p><ul><li style=\"font-size: 11px\">https://system-so-and-so#Low (&quot;Low&quot;)</li><li style=\"font-size: 11px\">https://system-so-and-so#Medium (&quot;Medium&quot;)</li><li style=\"font-size: 11px\">https://system-so-and-so#High (&quot;High&quot;)</li></ul><a name=\"opt-item.emotional\"> </a><p><b>Answer options for emotional</b></p><ul><li style=\"font-size: 11px\">https://system-so-and-so#Low (&quot;Low&quot;)</li><li style=\"font-size: 11px\">https://system-so-and-so#Medium (&quot;Medium&quot;)</li><li style=\"font-size: 11px\">https://system-so-and-so#High (&quot;High&quot;)</li></ul><a name=\"opt-item.nrdiagnoses\"> </a><p><b>Answer options for nrdiagnoses</b></p><ul><li style=\"font-size: 11px\">https://system-so-and-so#N (&quot;None&quot;)</li><li style=\"font-size: 11px\">https://system-so-and-so#SINGLE (&quot;single&quot;)</li><li style=\"font-size: 11px\">https://system-so-and-so#SOME (&quot;some (2-3)&quot;)</li><li style=\"font-size: 11px\">https://system-so-and-so#MANY (&quot;Many&quot;)</li></ul><a name=\"opt-item.nrmedicine\"> </a><p><b>Answer options for nrmedicine</b></p><ul><li style=\"font-size: 11px\">https://system-so-and-so#N (&quot;None&quot;)</li><li style=\"font-size: 11px\">https://system-so-and-so#SINGLE (&quot;single&quot;)</li><li style=\"font-size: 11px\">https://system-so-and-so#SOME (&quot;some (2-3)&quot;)</li><li style=\"font-size: 11px\">https://system-so-and-so#MANY (&quot;Many&quot;)</li></ul><a name=\"opt-item.healthadvice\"> </a><p><b>Answer options for healthadvice</b></p><ul><li style=\"font-size: 11px\">https://system-so-and-so#N (&quot;None&quot;)</li><li style=\"font-size: 11px\">https://system-so-and-so#SINGLE (&quot;single&quot;)</li><li style=\"font-size: 11px\">https://system-so-and-so#SOME (&quot;some&quot;)</li><li style=\"font-size: 11px\">https://system-so-and-so#MANY (&quot;Many&quot;)</li></ul><a name=\"opt-item.concern\"> </a><p><b>Answer options for concern</b></p><ul><li style=\"font-size: 11px\">https://system-so-and-so#N (&quot;None&quot;)</li><li style=\"font-size: 11px\">https://system-so-and-so#SINGLE (&quot;single&quot;)</li><li style=\"font-size: 11px\">https://system-so-and-so#SOME (&quot;some&quot;)</li><li style=\"font-size: 11px\">https://system-so-and-so#MANY (&quot;Many&quot;)</li></ul><a name=\"opt-item.shareinfo\"> </a><p><b>Answer options for shareinfo</b></p><ul><li style=\"font-size: 11px\">https://system-so-and-so#Low (&quot;Low&quot;)</li><li style=\"font-size: 11px\">https://system-so-and-so#Medium (&quot;Medium&quot;)</li><li style=\"font-size: 11px\">https://system-so-and-so#High (&quot;High&quot;)</li></ul><a name=\"opt-item.mood\"> </a><p><b>Answer options for mood</b></p><ul><li style=\"font-size: 11px\">https://system-so-and-so#Low (&quot;Low&quot;)</li><li style=\"font-size: 11px\">https://system-so-and-so#Medium (&quot;Medium&quot;)</li><li style=\"font-size: 11px\">https://system-so-and-so#High (&quot;High&quot;)</li></ul><a name=\"opt-item.autonomy\"> </a><p><b>Answer options for autonomy</b></p><ul><li style=\"font-size: 11px\">https://system-so-and-so#Low (&quot;Low&quot;)</li><li style=\"font-size: 11px\">https://system-so-and-so#Medium (&quot;Medium&quot;)</li><li style=\"font-size: 11px\">https://system-so-and-so#High (&quot;High&quot;)</li></ul><a name=\"opt-item.healthliteracy\"> </a><p><b>Answer options for healthliteracy</b></p><ul><li style=\"font-size: 11px\">https://system-so-and-so#Low (&quot;Low&quot;)</li><li style=\"font-size: 11px\">https://system-so-and-so#Medium (&quot;Medium&quot;)</li><li style=\"font-size: 11px\">https://system-so-and-so#High (&quot;High&quot;)</li></ul><a name=\"opt-item.toolsupport\"> </a><p><b>Answer options for toolsupport</b></p><ul><li style=\"font-size: 11px\">https://system-so-and-so#Low (&quot;Low&quot;)</li><li style=\"font-size: 11px\">https://system-so-and-so#Medium (&quot;Medium&quot;)</li><li style=\"font-size: 11px\">https://system-so-and-so#High (&quot;High&quot;)</li></ul></div>"
  },
  "url" : "http://hl7.eu/fhir/ig/gravitate-health-ips/Questionnaire/Questionnaire",
  "version" : "0.1.0",
  "status" : "active",
  "date" : "2022-12-06T13:15:39+00:00",
  "contact" : [{
    "name" : "Gravitate Health Project",
    "telecom" : [{
      "system" : "url",
      "value" : "https://www.gravitatehealth.eu/"
    }]
  }],
  "description" : "An questionnaire to gather personal info regarding mental stability",
  "item" : [{
    "linkId" : "age",
    "prefix" : "1",
    "text" : "What's your age?",
    "type" : "quantity"
  },
  {
    "linkId" : "social-sup",
    "prefix" : "2",
    "text" : "How's your Social Support?",
    "type" : "choice",
    "answerOption" : [{
      "valueCoding" : {
        "system" : "https://system-so-and-so",
        "code" : "None",
        "display" : "None"
      }
    },
    {
      "valueCoding" : {
        "system" : "https://system-so-and-so",
        "code" : "Low",
        "display" : "Low"
      }
    },
    {
      "valueCoding" : {
        "system" : "https://system-so-and-so",
        "code" : "Medium",
        "display" : "Medium"
      }
    },
    {
      "valueCoding" : {
        "system" : "https://system-so-and-so",
        "code" : "High",
        "display" : "High"
      }
    }]
  },
  {
    "linkId" : "workLife",
    "prefix" : "3",
    "text" : "How's your work Life ?",
    "type" : "choice",
    "answerOption" : [{
      "valueCoding" : {
        "system" : "https://system-so-and-so",
        "code" : "U",
        "display" : "Unemployed/Retired"
      }
    },
    {
      "valueCoding" : {
        "system" : "https://system-so-and-so",
        "code" : "EM",
        "display" : "Employed Manual"
      }
    },
    {
      "valueCoding" : {
        "system" : "https://system-so-and-so",
        "code" : "ENM",
        "display" : "Employed non Manual"
      }
    }]
  },
  {
    "linkId" : "smoking",
    "prefix" : "4",
    "text" : "How many cigaretes do you smoke per day?",
    "type" : "choice",
    "answerOption" : [{
      "valueCoding" : {
        "system" : "https://system-so-and-so",
        "code" : "1",
        "display" : "Non Smoker"
      }
    },
    {
      "valueCoding" : {
        "system" : "https://system-so-and-so",
        "code" : "1",
        "display" : "1-5"
      }
    },
    {
      "valueCoding" : {
        "system" : "https://system-so-and-so",
        "code" : "2",
        "display" : "5-20"
      }
    },
    {
      "valueCoding" : {
        "system" : "https://system-so-and-so",
        "code" : "3",
        "display" : ">20"
      }
    }]
  },
  {
    "linkId" : "physical",
    "prefix" : "5",
    "text" : "How is your physical activity?",
    "type" : "choice",
    "answerOption" : [{
      "valueCoding" : {
        "system" : "https://system-so-and-so",
        "code" : "None",
        "display" : "None"
      }
    },
    {
      "valueCoding" : {
        "system" : "https://system-so-and-so",
        "code" : "Low",
        "display" : "Low"
      }
    },
    {
      "valueCoding" : {
        "system" : "https://system-so-and-so",
        "code" : "Medium",
        "display" : "Medium"
      }
    },
    {
      "valueCoding" : {
        "system" : "https://system-so-and-so",
        "code" : "High",
        "display" : "High"
      }
    }]
  },
  {
    "linkId" : "extrovert",
    "prefix" : "6",
    "text" : "How Extrovert do you feel?",
    "type" : "choice",
    "answerOption" : [{
      "valueCoding" : {
        "system" : "https://system-so-and-so",
        "code" : "Low",
        "display" : "Low"
      }
    },
    {
      "valueCoding" : {
        "system" : "https://system-so-and-so",
        "code" : "Medium",
        "display" : "Medium"
      }
    },
    {
      "valueCoding" : {
        "system" : "https://system-so-and-so",
        "code" : "High",
        "display" : "High"
      }
    }]
  },
  {
    "linkId" : "emotional",
    "prefix" : "7",
    "text" : "How emotional do you feel?",
    "type" : "choice",
    "answerOption" : [{
      "valueCoding" : {
        "system" : "https://system-so-and-so",
        "code" : "Low",
        "display" : "Low"
      }
    },
    {
      "valueCoding" : {
        "system" : "https://system-so-and-so",
        "code" : "Medium",
        "display" : "Medium"
      }
    },
    {
      "valueCoding" : {
        "system" : "https://system-so-and-so",
        "code" : "High",
        "display" : "High"
      }
    }]
  },
  {
    "linkId" : "nrdiagnoses",
    "prefix" : "8",
    "text" : "Nr of Diagnoses that you have?",
    "type" : "choice",
    "answerOption" : [{
      "valueCoding" : {
        "system" : "https://system-so-and-so",
        "code" : "N",
        "display" : "None"
      }
    },
    {
      "valueCoding" : {
        "system" : "https://system-so-and-so",
        "code" : "SINGLE",
        "display" : "single"
      }
    },
    {
      "valueCoding" : {
        "system" : "https://system-so-and-so",
        "code" : "SOME",
        "display" : "some (2-3)"
      }
    },
    {
      "valueCoding" : {
        "system" : "https://system-so-and-so",
        "code" : "MANY",
        "display" : "Many"
      }
    }]
  },
  {
    "linkId" : "chronic",
    "prefix" : "9",
    "text" : "Do you have a chronic afliction?",
    "type" : "boolean"
  },
  {
    "linkId" : "nrmedicine",
    "prefix" : "10",
    "text" : "Nr of medicines that you have?",
    "type" : "choice",
    "answerOption" : [{
      "valueCoding" : {
        "system" : "https://system-so-and-so",
        "code" : "N",
        "display" : "None"
      }
    },
    {
      "valueCoding" : {
        "system" : "https://system-so-and-so",
        "code" : "SINGLE",
        "display" : "single"
      }
    },
    {
      "valueCoding" : {
        "system" : "https://system-so-and-so",
        "code" : "SOME",
        "display" : "some (2-3)"
      }
    },
    {
      "valueCoding" : {
        "system" : "https://system-so-and-so",
        "code" : "MANY",
        "display" : "Many"
      }
    }]
  },
  {
    "linkId" : "healthadvice",
    "prefix" : "11",
    "text" : "Did you receive any health advice?",
    "type" : "choice",
    "answerOption" : [{
      "valueCoding" : {
        "system" : "https://system-so-and-so",
        "code" : "N",
        "display" : "None"
      }
    },
    {
      "valueCoding" : {
        "system" : "https://system-so-and-so",
        "code" : "SINGLE",
        "display" : "single"
      }
    },
    {
      "valueCoding" : {
        "system" : "https://system-so-and-so",
        "code" : "SOME",
        "display" : "some"
      }
    },
    {
      "valueCoding" : {
        "system" : "https://system-so-and-so",
        "code" : "MANY",
        "display" : "Many"
      }
    }]
  },
  {
    "linkId" : "concern",
    "prefix" : "12",
    "text" : "Did you have any concern domains?",
    "type" : "choice",
    "answerOption" : [{
      "valueCoding" : {
        "system" : "https://system-so-and-so",
        "code" : "N",
        "display" : "None"
      }
    },
    {
      "valueCoding" : {
        "system" : "https://system-so-and-so",
        "code" : "SINGLE",
        "display" : "single"
      }
    },
    {
      "valueCoding" : {
        "system" : "https://system-so-and-so",
        "code" : "SOME",
        "display" : "some"
      }
    },
    {
      "valueCoding" : {
        "system" : "https://system-so-and-so",
        "code" : "MANY",
        "display" : "Many"
      }
    }]
  },
  {
    "linkId" : "shareinfo",
    "prefix" : "13",
    "text" : "How willing are you to share information?",
    "type" : "choice",
    "answerOption" : [{
      "valueCoding" : {
        "system" : "https://system-so-and-so",
        "code" : "Low",
        "display" : "Low"
      }
    },
    {
      "valueCoding" : {
        "system" : "https://system-so-and-so",
        "code" : "Medium",
        "display" : "Medium"
      }
    },
    {
      "valueCoding" : {
        "system" : "https://system-so-and-so",
        "code" : "High",
        "display" : "High"
      }
    }]
  },
  {
    "linkId" : "mood",
    "prefix" : "14",
    "text" : "How's your mood level?",
    "type" : "choice",
    "answerOption" : [{
      "valueCoding" : {
        "system" : "https://system-so-and-so",
        "code" : "Low",
        "display" : "Low"
      }
    },
    {
      "valueCoding" : {
        "system" : "https://system-so-and-so",
        "code" : "Medium",
        "display" : "Medium"
      }
    },
    {
      "valueCoding" : {
        "system" : "https://system-so-and-so",
        "code" : "High",
        "display" : "High"
      }
    }]
  },
  {
    "linkId" : "autonomy",
    "prefix" : "15",
    "text" : "How's your Autonomy?",
    "type" : "choice",
    "answerOption" : [{
      "valueCoding" : {
        "system" : "https://system-so-and-so",
        "code" : "Low",
        "display" : "Low"
      }
    },
    {
      "valueCoding" : {
        "system" : "https://system-so-and-so",
        "code" : "Medium",
        "display" : "Medium"
      }
    },
    {
      "valueCoding" : {
        "system" : "https://system-so-and-so",
        "code" : "High",
        "display" : "High"
      }
    }]
  },
  {
    "linkId" : "healthliteracy",
    "prefix" : "16",
    "text" : "How's your level of health literacy?",
    "type" : "choice",
    "answerOption" : [{
      "valueCoding" : {
        "system" : "https://system-so-and-so",
        "code" : "Low",
        "display" : "Low"
      }
    },
    {
      "valueCoding" : {
        "system" : "https://system-so-and-so",
        "code" : "Medium",
        "display" : "Medium"
      }
    },
    {
      "valueCoding" : {
        "system" : "https://system-so-and-so",
        "code" : "High",
        "display" : "High"
      }
    }]
  },
  {
    "linkId" : "toolsupport",
    "prefix" : "17",
    "text" : "How's your level of tool support interest?",
    "type" : "choice",
    "answerOption" : [{
      "valueCoding" : {
        "system" : "https://system-so-and-so",
        "code" : "Low",
        "display" : "Low"
      }
    },
    {
      "valueCoding" : {
        "system" : "https://system-so-and-so",
        "code" : "Medium",
        "display" : "Medium"
      }
    },
    {
      "valueCoding" : {
        "system" : "https://system-so-and-so",
        "code" : "High",
        "display" : "High"
      }
    }]
  }]
}