{
  "resourceType" : "Composition",
  "id" : "gravitate-Cecilia",
  "text" : {
    "status" : "extensions",
    "div" : "<div xmlns=\"http://www.w3.org/1999/xhtml\">\n  \n    <b>Id:</b>\n    gravitate-Cecilia\n  <br/>\n  \n    <b>status:</b>\n    final\n  <br/>\n  \n    <b>Type:</b>\n    Patient summary Document\n  <br/>\n  \n    <b>Subject:</b>\n    <a>Cecilia Gravitate</a>\n  \n\n  <br/>\n  <b>Sections:</b>\n  <br/>\n\n  <ul>\n    \n      <li>\n\n        Problem List\n\n      </li>\n      <ul>\n\n        \n\n          <li>\n\n            COPD\n\n          </li>\n        \n\n          <li>\n\n            Diabetese Type 2\n\n          </li>\n        \n\n          <li>\n\n            Osteoporosis\n\n          </li>\n        \n\n          <li>\n\n            Congestive Heart Failure\n\n          </li>\n        \n      </ul>\n\n    \n      <li>\n\n        Medication Summary\n\n      </li>\n      <ul>\n\n        \n\n          <li>\n\n            Fosamax 70 mg tablets\n\n          </li>\n        \n\n          <li>\n\n            Metformine + sitagliptine\n\n          </li>\n        \n\n          <li>\n\n            Fluticasone 92mcg + vilanterol 22mcg\n\n          </li>\n        \n\n          <li>\n\n            Digoxin\n\n          </li>\n        \n      </ul>\n\n    \n  </ul>\n</div>"
  },
  "status" : "final",
  "type" : {
    "coding" : [{
      "system" : "http://loinc.org",
      "code" : "60591-5",
      "display" : "Patient summary Document"
    }]
  },
  "subject" : {
    "reference" : "Patient/cecilia-patient",
    "display" : "Cecilia Gravitate"
  },
  "date" : "2018-07-10T15:22:00+02:00",
  "author" : [{
    "reference" : "Practitioner/cecilia-pract",
    "display" : "Dr. Anna Karlsson"
  }],
  "title" : "Patient Summary (Cecilia Gravitate)",
  "confidentiality" : "N",
  "section" : [{
    "title" : "Problem List",
    "code" : {
      "coding" : [{
        "system" : "http://loinc.org",
        "code" : "11450-4",
        "display" : "Problem list Reported"
      }]
    },
    "entry" : [{
      "reference" : "Condition/cecilia-cond-1",
      "display" : "COPD"
    },
    {
      "reference" : "Condition/cecilia-cond-2",
      "display" : "Diabetese Type 2"
    },
    {
      "reference" : "Condition/cecilia-cond-3",
      "display" : "Osteoporosis"
    },
    {
      "reference" : "Condition/cecilia-cond-4",
      "display" : "Congestive Heart Failure"
    }]
  },
  {
    "title" : "Medication Summary",
    "code" : {
      "coding" : [{
        "system" : "http://loinc.org",
        "code" : "10160-0",
        "display" : "Hx of Medication use"
      }]
    },
    "entry" : [{
      "reference" : "MedicationStatement/cecilia-med-stat-1",
      "display" : "Fosamax 70 mg tablets"
    },
    {
      "reference" : "MedicationStatement/cecilia-med-stat-2",
      "display" : "Metformine + sitagliptine"
    },
    {
      "reference" : "MedicationStatement/cecilia-med-stat-3",
      "display" : "Fluticasone 92mcg + vilanterol 22mcg"
    },
    {
      "reference" : "MedicationStatement/cecilia-med-stat-4",
      "display" : "Digoxin"
    }]
  }]
}