{
  "resourceType" : "Medication",
  "id" : "fdb5c97f-0a46-41ba-bc34-2efd2ef2f7e4",
  "text" : {
    "status" : "generated",
    "div" : "<div xmlns=\"http://www.w3.org/1999/xhtml\"><p><b>Generated Narrative: Medication</b><a name=\"fdb5c97f-0a46-41ba-bc34-2efd2ef2f7e4\"> </a></p><div style=\"display: inline-block; background-color: #d9e0e7; padding: 6px; margin: 4px; border: 1px solid #8da1b4; border-radius: 5px; line-height: 60%\"><p style=\"margin-bottom: 0px\">Resource Medication &quot;fdb5c97f-0a46-41ba-bc34-2efd2ef2f7e4&quot; </p></div><p><b>code</b>: mirtazapine <span style=\"background: LightGoldenRodYellow; margin: 4px; border: 1px solid khaki\"> (marketingAuthorizationNumber#PL31654/0006; phpid#0xE857DA811B4A6F3BD57810C45D2EA1ED; <a href=\"http://terminology.hl7.org/5.0.0/CodeSystem-v3-WC.html\">WHO ATC</a>#N06AX11)</span></p><p><b>form</b>: Coated tablet <span style=\"background: LightGoldenRodYellow; margin: 4px; border: 1px solid khaki\"> (standardterms.edqm.eu#10220000)</span></p><h3>Ingredients</h3><table class=\"grid\"><tr><td>-</td><td><b>Item[x]</b></td><td><b>Strength</b></td></tr><tr><td>*</td><td>Mirtazapine <span style=\"background: LightGoldenRodYellow; margin: 4px; border: 1px solid khaki\"> (<a href=\"http://terminology.hl7.org/5.0.0/CodeSystem-UNII.html\">Unique Ingredient Identifier (UNII)</a>#A051Q2099Q)</span></td><td>15 g<span style=\"background: LightGoldenRodYellow\"> (Details: UCUM code g = 'g')</span>/1 {tablet}<span style=\"background: LightGoldenRodYellow\"> (Details: UCUM code {tablet} = '{tablet}')</span></td></tr></table></div>"
  },
  "code" : {
    "coding" : [{
      "system" : "http://ema.europa.eu/fhir/marketingAuthorizationNumber",
      "code" : "PL31654/0006"
    },
    {
      "system" : "https://www.who-umc.org/phpid",
      "code" : "0xE857DA811B4A6F3BD57810C45D2EA1ED"
    },
    {
      "system" : "http://www.whocc.no/atc",
      "code" : "N06AX11",
      "display" : "mirtazapine"
    }]
  },
  "form" : {
    "coding" : [{
      "system" : "http://standardterms.edqm.eu",
      "code" : "10220000",
      "display" : "Coated tablet"
    }]
  },
  "ingredient" : [{
    "itemCodeableConcept" : {
      "coding" : [{
        "system" : "http://fdasis.nlm.nih.gov",
        "code" : "A051Q2099Q",
        "display" : "Mirtazapine"
      }],
      "text" : "Mirtazapine"
    },
    "strength" : {
      "numerator" : {
        "value" : 15,
        "system" : "http://unitsofmeasure.org",
        "code" : "g"
      },
      "denominator" : {
        "value" : 1,
        "system" : "http://unitsofmeasure.org",
        "code" : "{tablet}"
      }
    }
  }]
}