{
  "resourceType" : "MedicationStatement",
  "id" : "pedro-med-stat-5",
  "text" : {
    "status" : "generated",
    "div" : "<div xmlns=\"http://www.w3.org/1999/xhtml\"><p><b>Generated Narrative: MedicationStatement</b><a name=\"pedro-med-stat-5\"> </a></p><div style=\"display: inline-block; background-color: #d9e0e7; padding: 6px; margin: 4px; border: 1px solid #8da1b4; border-radius: 5px; line-height: 60%\"><p style=\"margin-bottom: 0px\">Resource MedicationStatement &quot;pedro-med-stat-5&quot; </p></div><p><b>status</b>: active</p><p><b>medication</b>: <a href=\"Medication-6f4151e9-91f6-4f1e-adc3-fb94dda77855.html\">Medication/6f4151e9-91f6-4f1e-adc3-fb94dda77855: Collagen and magnesium supplements</a></p><p><b>subject</b>: <a href=\"Patient-pedro-patient.html\">Patient/pedro-patient: Pedro Gravitate</a> &quot; GRAVITATE&quot;</p><h3>Dosages</h3><table class=\"grid\"><tr><td>-</td><td><b>Route</b></td></tr><tr><td>*</td><td>Oral use <span style=\"background: LightGoldenRodYellow; margin: 4px; border: 1px solid khaki\"> (standardterms.edqm.eu#20053000)</span></td></tr></table></div>"
  },
  "status" : "active",
  "medicationReference" : {
    "reference" : "Medication/6f4151e9-91f6-4f1e-adc3-fb94dda77855",
    "display" : "Collagen and magnesium supplements"
  },
  "subject" : {
    "reference" : "Patient/pedro-patient",
    "display" : "Pedro Gravitate"
  },
  "dosage" : [{
    "route" : {
      "coding" : [{
        "system" : "http://standardterms.edqm.eu",
        "code" : "20053000",
        "display" : "Oral use"
      }]
    }
  }]
}