{
  "resourceType" : "Medication",
  "id" : "6f4151e9-91f6-4f1e-adc3-fb94dda7785g",
  "text" : {
    "status" : "generated",
    "div" : "<div xmlns=\"http://www.w3.org/1999/xhtml\"><p><b>Generated Narrative: Medication</b><a name=\"6f4151e9-91f6-4f1e-adc3-fb94dda7785g\"> </a></p><div style=\"display: inline-block; background-color: #d9e0e7; padding: 6px; margin: 4px; border: 1px solid #8da1b4; border-radius: 5px; line-height: 60%\"><p style=\"margin-bottom: 0px\">Resource Medication &quot;6f4151e9-91f6-4f1e-adc3-fb94dda7785g&quot; </p></div><p><b>code</b>: CALCIO/VITAMINA D3 ROVI 1000 mg/880 UI COMPRIMIDOS EFERVESCENTES <span style=\"background: LightGoldenRodYellow; margin: 4px; border: 1px solid khaki\"> (man#16028/0049)</span></p><p><b>form</b>: Effervescent tablet <span style=\"background: LightGoldenRodYellow; margin: 4px; border: 1px solid khaki\"> (standardterms.edqm.eu#10222000)</span></p><blockquote><p><b>ingredient</b></p><p><b>item</b>: calcium carbonate <span style=\"background: LightGoldenRodYellow; margin: 4px; border: 1px solid khaki\"> (<a href=\"http://terminology.hl7.org/5.0.0/CodeSystem-UNII.html\">Unique Ingredient Identifier (UNII)</a>#H0G9379FGK &quot;Calcium carbonate&quot;)</span></p><p><b>strength</b>: 1000 mg<span style=\"background: LightGoldenRodYellow\"> (Details: UCUM code mg = 'mg')</span>/1 Tablet<span style=\"background: LightGoldenRodYellow\"> (Details: http://standardterms.edqm.eu code 15054000 = 'Tablet')</span></p></blockquote><blockquote><p><b>ingredient</b></p><p><b>item</b>: cholecalciferol <span style=\"background: LightGoldenRodYellow; margin: 4px; border: 1px solid khaki\"> (<a href=\"http://terminology.hl7.org/5.0.0/CodeSystem-UNII.html\">Unique Ingredient Identifier (UNII)</a>#1C6V77QF41)</span></p><p><b>strength</b>: 880 UI<span style=\"background: LightGoldenRodYellow\"> (Details: UCUM code UI = 'UI')</span>/1 Tablet<span style=\"background: LightGoldenRodYellow\"> (Details: http://standardterms.edqm.eu code 15054000 = 'Tablet')</span></p></blockquote></div>"
  },
  "code" : {
    "coding" : [{
      "system" : "https://www.gravitatehealth.eu/sid/man",
      "code" : "16028/0049",
      "display" : "CALCIO/VITAMINA D3 ROVI 1000 mg/880 UI COMPRIMIDOS EFERVESCENTES"
    }]
  },
  "form" : {
    "coding" : [{
      "system" : "http://standardterms.edqm.eu",
      "code" : "10222000",
      "display" : "Effervescent tablet"
    }],
    "text" : "Effervescent tablet"
  },
  "ingredient" : [{
    "itemCodeableConcept" : {
      "coding" : [{
        "system" : "http://fdasis.nlm.nih.gov",
        "code" : "H0G9379FGK",
        "display" : "Calcium carbonate"
      }],
      "text" : "calcium carbonate"
    },
    "strength" : {
      "numerator" : {
        "value" : 1000,
        "system" : "http://unitsofmeasure.org",
        "code" : "mg"
      },
      "denominator" : {
        "value" : 1,
        "unit" : "Tablet",
        "system" : "http://standardterms.edqm.eu",
        "code" : "15054000"
      }
    }
  },
  {
    "itemCodeableConcept" : {
      "coding" : [{
        "system" : "http://fdasis.nlm.nih.gov",
        "code" : "1C6V77QF41",
        "display" : "cholecalciferol"
      }],
      "text" : "cholecalciferol"
    },
    "strength" : {
      "numerator" : {
        "value" : 880,
        "system" : "http://unitsofmeasure.org",
        "code" : "UI"
      },
      "denominator" : {
        "value" : 1,
        "unit" : "Tablet",
        "system" : "http://standardterms.edqm.eu",
        "code" : "15054000"
      }
    }
  }]
}