{
  "resourceType" : "Medication",
  "id" : "9d7be868-8264-4d94-ad04-ef04ecc92e51",
  "text" : {
    "status" : "generated",
    "div" : "<div xmlns=\"http://www.w3.org/1999/xhtml\"><p><b>Generated Narrative: Medication</b><a name=\"9d7be868-8264-4d94-ad04-ef04ecc92e51\"> </a></p><div style=\"display: inline-block; background-color: #d9e0e7; padding: 6px; margin: 4px; border: 1px solid #8da1b4; border-radius: 5px; line-height: 60%\"><p style=\"margin-bottom: 0px\">Resource Medication &quot;9d7be868-8264-4d94-ad04-ef04ecc92e51&quot; </p></div><p><b>code</b>: Humalog Mix50 <span style=\"background: LightGoldenRodYellow; margin: 4px; border: 1px solid khaki\"> (marketingAuthorizationNumber#EU/1/96/007/035; phpid#0x073AF2E5B92AE19E8B67635AFFB3D6CA &quot;insulin lispro, 100 units/ml, suspension for injection&quot;; <a href=\"https://browser.ihtsdotools.org/\">SNOMED CT</a>#388454007 &quot;Product containing insulin lispro (medicinal product)&quot;; <a href=\"http://terminology.hl7.org/5.0.0/CodeSystem-v3-WC.html\">WHO ATC</a>#A10AD04 &quot;insulin lispro&quot;)</span></p><p><b>form</b>: Suspension for injection <span style=\"background: LightGoldenRodYellow; margin: 4px; border: 1px solid khaki\"> (standardterms.edqm.eu#11202000)</span></p><h3>Ingredients</h3><table class=\"grid\"><tr><td>-</td><td><b>Item[x]</b></td><td><b>Strength</b></td></tr><tr><td>*</td><td>insulin lispro <span style=\"background: LightGoldenRodYellow; margin: 4px; border: 1px solid khaki\"> (<a href=\"http://terminology.hl7.org/5.0.0/CodeSystem-UNII.html\">Unique Ingredient Identifier (UNII)</a>#GFX7QIS1II)</span></td><td>100 U<span style=\"background: LightGoldenRodYellow\"> (Details: UCUM code U = 'U')</span>/1 ml<span style=\"background: LightGoldenRodYellow\"> (Details: UCUM code ml = 'ml')</span></td></tr></table></div>"
  },
  "code" : {
    "coding" : [{
      "system" : "http://ema.europa.eu/fhir/marketingAuthorizationNumber",
      "code" : "EU/1/96/007/035",
      "display" : "Humalog Mix50"
    },
    {
      "system" : "https://www.who-umc.org/phpid",
      "code" : "0x073AF2E5B92AE19E8B67635AFFB3D6CA",
      "display" : "insulin lispro, 100 units/ml, suspension for injection"
    },
    {
      "system" : "http://snomed.info/sct",
      "code" : "388454007",
      "display" : "Product containing insulin lispro (medicinal product)"
    },
    {
      "system" : "http://www.whocc.no/atc",
      "code" : "A10AD04",
      "display" : "insulin lispro"
    }]
  },
  "form" : {
    "coding" : [{
      "system" : "http://standardterms.edqm.eu",
      "code" : "11202000",
      "display" : "Suspension for injection"
    }]
  },
  "ingredient" : [{
    "itemCodeableConcept" : {
      "coding" : [{
        "system" : "http://fdasis.nlm.nih.gov",
        "code" : "GFX7QIS1II",
        "display" : "insulin lispro"
      }],
      "text" : "insulin lispro"
    },
    "strength" : {
      "numerator" : {
        "value" : 100,
        "system" : "http://unitsofmeasure.org",
        "code" : "U"
      },
      "denominator" : {
        "value" : 1,
        "system" : "http://unitsofmeasure.org",
        "code" : "ml"
      }
    }
  }]
}