<?xml version="1.0" encoding="UTF-8"?><ImplementationGuide xmlns="http://hl7.org/fhir"><id value="hl7.eu.fhir.gh-ips"/><text><status value="extensions"/><div xmlns="http://www.w3.org/1999/xhtml"><h2>GhR4ImplementationGuide</h2><p>The official URL for this implementation guide is: </p><pre>http://hl7.eu/fhir/ig/gravitate-health-ips/ImplementationGuide/hl7.eu.fhir.gh-ips</pre><div><p>Gravitate Health is an EU project aiming to empower and equip Europeans with health information for active personal health management and adherence to treatment.</p>
</div></div></text><url value="http://hl7.eu/fhir/ig/gravitate-health-ips/ImplementationGuide/hl7.eu.fhir.gh-ips"/><version value="0.1.0"/><name value="GhR4ImplementationGuide"/><title value="Gravitate Health FHIR Implementation Guide (FHIR R4)"/><status value="active"/><date value="2022-12-19T15:00:29+00:00"/><contact><name value="Gravitate Health Project"/><telecom><system value="url"/><value value="https://www.gravitatehealth.eu/"/></telecom></contact><description value="Gravitate Health is an EU project aiming to empower and equip Europeans with health information for active personal health management and adherence to treatment."/><packageId value="hl7.eu.fhir.gh-ips"/><license value="CC0-1.0"/><fhirVersion value="4.0.1"/><dependsOn id="hl7tx"><extension url="http://hl7.org/fhir/tools/StructureDefinition/implementationguide-dependency-comment"><valueMarkdown value="Automatically added as a dependency - all IGs depend on HL7 Terminology"/></extension><uri value="http://terminology.hl7.org/ImplementationGuide/hl7.terminology"/><packageId value="hl7.terminology.r4"/><version value="5.0.0"/></dependsOn><dependsOn id="hl7_fhir_uv_ips"><uri value="http://hl7.org/fhir/uv/ips/ImplementationGuide/hl7.fhir.uv.ips"/><packageId value="hl7.fhir.uv.ips"/><version value="current"/></dependsOn><definition><extension url="http://hl7.org/fhir/tools/StructureDefinition/ig-parameter"><extension url="code"><valueString value="copyrightyear"/></extension><extension url="value"><valueString value="2021+"/></extension></extension><extension url="http://hl7.org/fhir/tools/StructureDefinition/ig-parameter"><extension url="code"><valueString value="releaselabel"/></extension><extension url="value"><valueString value="CI Build"/></extension></extension><extension url="http://hl7.org/fhir/tools/StructureDefinition/ig-parameter"><extension url="code"><valueString value="show-inherited-invariants"/></extension><extension url="value"><valueString value="false"/></extension></extension><extension url="http://hl7.org/fhir/tools/StructureDefinition/ig-parameter"><extension url="code"><valueString value="path-liquid"/></extension><extension url="value"><valueString value="liquid"/></extension></extension><extension url="http://hl7.org/fhir/tools/StructureDefinition/ig-parameter"><extension url="code"><valueString value="autoload-resources"/></extension><extension url="value"><valueString value="true"/></extension></extension><extension url="http://hl7.org/fhir/tools/StructureDefinition/ig-parameter"><extension url="code"><valueString value="path-liquid"/></extension><extension url="value"><valueString value="template/liquid"/></extension></extension><extension url="http://hl7.org/fhir/tools/StructureDefinition/ig-parameter"><extension url="code"><valueString value="path-liquid"/></extension><extension url="value"><valueString value="input/liquid"/></extension></extension><extension url="http://hl7.org/fhir/tools/StructureDefinition/ig-parameter"><extension url="code"><valueString value="path-qa"/></extension><extension url="value"><valueString value="temp/qa"/></extension></extension><extension url="http://hl7.org/fhir/tools/StructureDefinition/ig-parameter"><extension url="code"><valueString value="path-temp"/></extension><extension url="value"><valueString value="temp/pages"/></extension></extension><extension url="http://hl7.org/fhir/tools/StructureDefinition/ig-parameter"><extension url="code"><valueString value="path-output"/></extension><extension url="value"><valueString value="output"/></extension></extension><extension url="http://hl7.org/fhir/tools/StructureDefinition/ig-parameter"><extension url="code"><valueString value="path-suppressed-warnings"/></extension><extension url="value"><valueString value="input/ignoreWarnings.txt"/></extension></extension><extension url="http://hl7.org/fhir/tools/StructureDefinition/ig-parameter"><extension url="code"><valueString value="path-history"/></extension><extension url="value"><valueString value="http://hl7.eu/fhir/ig/gravitate-health-ips/history.html"/></extension></extension><extension url="http://hl7.org/fhir/tools/StructureDefinition/ig-parameter"><extension url="code"><valueString value="template-html"/></extension><extension url="value"><valueString value="template-page.html"/></extension></extension><extension url="http://hl7.org/fhir/tools/StructureDefinition/ig-parameter"><extension url="code"><valueString value="template-md"/></extension><extension url="value"><valueString value="template-page-md.html"/></extension></extension><extension url="http://hl7.org/fhir/tools/StructureDefinition/ig-parameter"><extension url="code"><valueString value="apply-contact"/></extension><extension url="value"><valueString value="true"/></extension></extension><extension url="http://hl7.org/fhir/tools/StructureDefinition/ig-parameter"><extension url="code"><valueString value="apply-context"/></extension><extension url="value"><valueString value="true"/></extension></extension><extension url="http://hl7.org/fhir/tools/StructureDefinition/ig-parameter"><extension url="code"><valueString value="apply-copyright"/></extension><extension url="value"><valueString value="true"/></extension></extension><extension url="http://hl7.org/fhir/tools/StructureDefinition/ig-parameter"><extension url="code"><valueString value="apply-jurisdiction"/></extension><extension url="value"><valueString value="true"/></extension></extension><extension url="http://hl7.org/fhir/tools/StructureDefinition/ig-parameter"><extension url="code"><valueString value="apply-license"/></extension><extension url="value"><valueString value="true"/></extension></extension><extension url="http://hl7.org/fhir/tools/StructureDefinition/ig-parameter"><extension url="code"><valueString value="apply-publisher"/></extension><extension url="value"><valueString value="true"/></extension></extension><extension url="http://hl7.org/fhir/tools/StructureDefinition/ig-parameter"><extension url="code"><valueString value="apply-version"/></extension><extension url="value"><valueString value="true"/></extension></extension><extension url="http://hl7.org/fhir/tools/StructureDefinition/ig-parameter"><extension url="code"><valueString value="active-tables"/></extension><extension url="value"><valueString value="true"/></extension></extension><extension url="http://hl7.org/fhir/tools/StructureDefinition/ig-parameter"><extension url="code"><valueString value="fmm-definition"/></extension><extension url="value"><valueString value="http://hl7.org/fhir/versions.html#maturity"/></extension></extension><extension url="http://hl7.org/fhir/tools/StructureDefinition/ig-parameter"><extension url="code"><valueString value="propagate-status"/></extension><extension url="value"><valueString value="true"/></extension></extension><extension url="http://hl7.org/fhir/tools/StructureDefinition/ig-parameter"><extension url="code"><valueString value="excludelogbinaryformat"/></extension><extension url="value"><valueString value="true"/></extension></extension><extension url="http://hl7.org/fhir/tools/StructureDefinition/ig-parameter"><extension url="code"><valueString value="tabbed-snapshots"/></extension><extension url="value"><valueString value="true"/></extension></extension><extension url="http://hl7.org/fhir/tools/StructureDefinition/ig-parameter"><extension url="code"><valueString value="copyrightyear"/></extension><extension url="value"><valueString value="2021+"/></extension></extension><extension url="http://hl7.org/fhir/tools/StructureDefinition/ig-parameter"><extension url="code"><valueString value="releaselabel"/></extension><extension url="value"><valueString value="CI Build"/></extension></extension><extension url="http://hl7.org/fhir/tools/StructureDefinition/ig-parameter"><extension url="code"><valueString value="show-inherited-invariants"/></extension><extension url="value"><valueString value="false"/></extension></extension><extension url="http://hl7.org/fhir/tools/StructureDefinition/ig-parameter"><extension url="code"><valueString value="path-liquid"/></extension><extension url="value"><valueString value="liquid"/></extension></extension><extension url="http://hl7.org/fhir/tools/StructureDefinition/ig-parameter"><extension url="code"><valueString value="autoload-resources"/></extension><extension url="value"><valueString value="true"/></extension></extension><extension url="http://hl7.org/fhir/tools/StructureDefinition/ig-parameter"><extension url="code"><valueString value="path-liquid"/></extension><extension url="value"><valueString value="template/liquid"/></extension></extension><extension url="http://hl7.org/fhir/tools/StructureDefinition/ig-parameter"><extension url="code"><valueString value="path-liquid"/></extension><extension url="value"><valueString value="input/liquid"/></extension></extension><extension url="http://hl7.org/fhir/tools/StructureDefinition/ig-parameter"><extension url="code"><valueString value="path-qa"/></extension><extension url="value"><valueString value="temp/qa"/></extension></extension><extension url="http://hl7.org/fhir/tools/StructureDefinition/ig-parameter"><extension url="code"><valueString value="path-temp"/></extension><extension url="value"><valueString value="temp/pages"/></extension></extension><extension url="http://hl7.org/fhir/tools/StructureDefinition/ig-parameter"><extension url="code"><valueString value="path-output"/></extension><extension url="value"><valueString value="output"/></extension></extension><extension url="http://hl7.org/fhir/tools/StructureDefinition/ig-parameter"><extension url="code"><valueString value="path-suppressed-warnings"/></extension><extension url="value"><valueString value="input/ignoreWarnings.txt"/></extension></extension><extension url="http://hl7.org/fhir/tools/StructureDefinition/ig-parameter"><extension url="code"><valueString value="path-history"/></extension><extension url="value"><valueString value="http://hl7.eu/fhir/ig/gravitate-health-ips/history.html"/></extension></extension><extension url="http://hl7.org/fhir/tools/StructureDefinition/ig-parameter"><extension url="code"><valueString value="template-html"/></extension><extension url="value"><valueString value="template-page.html"/></extension></extension><extension url="http://hl7.org/fhir/tools/StructureDefinition/ig-parameter"><extension url="code"><valueString value="template-md"/></extension><extension url="value"><valueString value="template-page-md.html"/></extension></extension><extension url="http://hl7.org/fhir/tools/StructureDefinition/ig-parameter"><extension url="code"><valueString value="apply-contact"/></extension><extension url="value"><valueString value="true"/></extension></extension><extension url="http://hl7.org/fhir/tools/StructureDefinition/ig-parameter"><extension url="code"><valueString value="apply-context"/></extension><extension url="value"><valueString value="true"/></extension></extension><extension url="http://hl7.org/fhir/tools/StructureDefinition/ig-parameter"><extension url="code"><valueString value="apply-copyright"/></extension><extension url="value"><valueString value="true"/></extension></extension><extension url="http://hl7.org/fhir/tools/StructureDefinition/ig-parameter"><extension url="code"><valueString value="apply-jurisdiction"/></extension><extension url="value"><valueString value="true"/></extension></extension><extension url="http://hl7.org/fhir/tools/StructureDefinition/ig-parameter"><extension url="code"><valueString value="apply-license"/></extension><extension url="value"><valueString value="true"/></extension></extension><extension url="http://hl7.org/fhir/tools/StructureDefinition/ig-parameter"><extension url="code"><valueString value="apply-publisher"/></extension><extension url="value"><valueString value="true"/></extension></extension><extension url="http://hl7.org/fhir/tools/StructureDefinition/ig-parameter"><extension url="code"><valueString value="apply-version"/></extension><extension url="value"><valueString value="true"/></extension></extension><extension url="http://hl7.org/fhir/tools/StructureDefinition/ig-parameter"><extension url="code"><valueString value="active-tables"/></extension><extension url="value"><valueString value="true"/></extension></extension><extension url="http://hl7.org/fhir/tools/StructureDefinition/ig-parameter"><extension url="code"><valueString value="fmm-definition"/></extension><extension url="value"><valueString value="http://hl7.org/fhir/versions.html#maturity"/></extension></extension><extension url="http://hl7.org/fhir/tools/StructureDefinition/ig-parameter"><extension url="code"><valueString value="propagate-status"/></extension><extension url="value"><valueString value="true"/></extension></extension><extension url="http://hl7.org/fhir/tools/StructureDefinition/ig-parameter"><extension url="code"><valueString value="excludelogbinaryformat"/></extension><extension url="value"><valueString value="true"/></extension></extension><extension url="http://hl7.org/fhir/tools/StructureDefinition/ig-parameter"><extension url="code"><valueString value="tabbed-snapshots"/></extension><extension url="value"><valueString value="true"/></extension></extension><extension url="http://hl7.org/fhir/tools/StructureDefinition/ig-parameter"><extension url="code"><valueString value="copyrightyear"/></extension><extension url="value"><valueString value="2021+"/></extension></extension><extension url="http://hl7.org/fhir/tools/StructureDefinition/ig-parameter"><extension url="code"><valueString value="releaselabel"/></extension><extension url="value"><valueString value="CI Build"/></extension></extension><extension url="http://hl7.org/fhir/tools/StructureDefinition/ig-parameter"><extension url="code"><valueString value="show-inherited-invariants"/></extension><extension url="value"><valueString value="false"/></extension></extension><extension url="http://hl7.org/fhir/tools/StructureDefinition/ig-parameter"><extension url="code"><valueString value="path-liquid"/></extension><extension url="value"><valueString value="liquid"/></extension></extension><extension url="http://hl7.org/fhir/tools/StructureDefinition/ig-parameter"><extension url="code"><valueString value="autoload-resources"/></extension><extension url="value"><valueString value="true"/></extension></extension><extension url="http://hl7.org/fhir/tools/StructureDefinition/ig-parameter"><extension url="code"><valueString value="path-liquid"/></extension><extension url="value"><valueString value="template/liquid"/></extension></extension><extension url="http://hl7.org/fhir/tools/StructureDefinition/ig-parameter"><extension url="code"><valueString value="path-liquid"/></extension><extension url="value"><valueString value="input/liquid"/></extension></extension><extension url="http://hl7.org/fhir/tools/StructureDefinition/ig-parameter"><extension url="code"><valueString value="path-qa"/></extension><extension url="value"><valueString value="temp/qa"/></extension></extension><extension url="http://hl7.org/fhir/tools/StructureDefinition/ig-parameter"><extension url="code"><valueString value="path-temp"/></extension><extension url="value"><valueString value="temp/pages"/></extension></extension><extension url="http://hl7.org/fhir/tools/StructureDefinition/ig-parameter"><extension url="code"><valueString value="path-output"/></extension><extension url="value"><valueString value="output"/></extension></extension><extension url="http://hl7.org/fhir/tools/StructureDefinition/ig-parameter"><extension url="code"><valueString value="path-suppressed-warnings"/></extension><extension url="value"><valueString value="input/ignoreWarnings.txt"/></extension></extension><extension url="http://hl7.org/fhir/tools/StructureDefinition/ig-parameter"><extension url="code"><valueString value="path-history"/></extension><extension url="value"><valueString value="http://hl7.eu/fhir/ig/gravitate-health-ips/history.html"/></extension></extension><extension url="http://hl7.org/fhir/tools/StructureDefinition/ig-parameter"><extension url="code"><valueString value="template-html"/></extension><extension url="value"><valueString value="template-page.html"/></extension></extension><extension url="http://hl7.org/fhir/tools/StructureDefinition/ig-parameter"><extension url="code"><valueString value="template-md"/></extension><extension url="value"><valueString value="template-page-md.html"/></extension></extension><extension url="http://hl7.org/fhir/tools/StructureDefinition/ig-parameter"><extension url="code"><valueString value="apply-contact"/></extension><extension url="value"><valueString value="true"/></extension></extension><extension url="http://hl7.org/fhir/tools/StructureDefinition/ig-parameter"><extension url="code"><valueString value="apply-context"/></extension><extension url="value"><valueString value="true"/></extension></extension><extension url="http://hl7.org/fhir/tools/StructureDefinition/ig-parameter"><extension url="code"><valueString value="apply-copyright"/></extension><extension url="value"><valueString value="true"/></extension></extension><extension url="http://hl7.org/fhir/tools/StructureDefinition/ig-parameter"><extension url="code"><valueString value="apply-jurisdiction"/></extension><extension url="value"><valueString value="true"/></extension></extension><extension url="http://hl7.org/fhir/tools/StructureDefinition/ig-parameter"><extension url="code"><valueString value="apply-license"/></extension><extension url="value"><valueString value="true"/></extension></extension><extension url="http://hl7.org/fhir/tools/StructureDefinition/ig-parameter"><extension url="code"><valueString value="apply-publisher"/></extension><extension url="value"><valueString value="true"/></extension></extension><extension url="http://hl7.org/fhir/tools/StructureDefinition/ig-parameter"><extension url="code"><valueString value="apply-version"/></extension><extension url="value"><valueString value="true"/></extension></extension><extension url="http://hl7.org/fhir/tools/StructureDefinition/ig-parameter"><extension url="code"><valueString value="active-tables"/></extension><extension url="value"><valueString value="true"/></extension></extension><extension url="http://hl7.org/fhir/tools/StructureDefinition/ig-parameter"><extension url="code"><valueString value="fmm-definition"/></extension><extension url="value"><valueString value="http://hl7.org/fhir/versions.html#maturity"/></extension></extension><extension url="http://hl7.org/fhir/tools/StructureDefinition/ig-parameter"><extension url="code"><valueString value="propagate-status"/></extension><extension url="value"><valueString value="true"/></extension></extension><extension url="http://hl7.org/fhir/tools/StructureDefinition/ig-parameter"><extension url="code"><valueString value="excludelogbinaryformat"/></extension><extension url="value"><valueString value="true"/></extension></extension><extension url="http://hl7.org/fhir/tools/StructureDefinition/ig-parameter"><extension url="code"><valueString value="tabbed-snapshots"/></extension><extension url="value"><valueString value="true"/></extension></extension><grouping id="Pedro"><name value="Pedro"/><description value="Pedro IPS Resources"/></grouping><grouping id="Cecilia"><name value="Cecilia"/><description value="Cecilia IPS Resources"/></grouping><grouping id="Helen"><name value="Helen"/><description value="Cecilia IPS Resources"/></grouping><grouping id="Matilda"><name value="Matilda"/><description value="Matilda IPS Resources"/></grouping><grouping id="Maria"><name value="Maria"/><description value="Maria IPS Resources"/></grouping><grouping id="-str-profile"><name value="Structures: Resource Profiles"/><description value="These define constraints on FHIR resources for systems conforming to this implementation guide."/></grouping><grouping id="-term-valueset"><name value="Terminology: Value Sets"/><description value="These define sets of codes used by systems conforming to this implementation guide."/></grouping><grouping id="-ex-example"><name value="Example: Example Instances"/><description value="These are example instances that show what data produced and consumed by systems conforming with this implementation guide might look like."/></grouping><resource><extension url="http://hl7.org/fhir/StructureDefinition/implementationguide-page"><valueUri value="StructureDefinition-example-persona-profile.html"/></extension><reference><reference value="StructureDefinition/example-persona-profile"/></reference><name value="Persona Dimension Profile"/><description value="Persona Dimension Profile"/><exampleBoolean value="false"/><groupingId value="-str-profile"/></resource><resource><extension url="http://hl7.org/fhir/StructureDefinition/implementationguide-page"><valueUri value="ValueSet-PDcategoryVS.html"/></extension><reference><reference value="ValueSet/PDcategoryVS"/></reference><name value="PDcategoryVS"/><exampleBoolean value="false"/><groupingId value="-term-valueset"/></resource><resource><extension url="http://hl7.org/fhir/StructureDefinition/implementationguide-page"><valueUri value="ValueSet-PDtypeVS.html"/></extension><reference><reference value="ValueSet/PDtypeVS"/></reference><name value="PDtypeVS"/><exampleBoolean value="false"/><groupingId value="-term-valueset"/></resource><resource><extension url="http://hl7.org/fhir/StructureDefinition/implementationguide-page"><valueUri value="Medication-6f4151e9-91f6-4f1e-adc3-fb94dda77854.html"/></extension><reference><reference value="Medication/6f4151e9-91f6-4f1e-adc3-fb94dda77854"/></reference><name value="6f4151e9-91f6-4f1e-adc3-fb94dda77854"/><exampleBoolean value="true"/><groupingId value="-ex-example"/></resource><resource><extension url="http://hl7.org/fhir/StructureDefinition/implementationguide-page"><valueUri value="Medication-6f4151e9-91f6-4f1e-adc3-fb94dda77855.html"/></extension><reference><reference value="Medication/6f4151e9-91f6-4f1e-adc3-fb94dda77855"/></reference><name value="6f4151e9-91f6-4f1e-adc3-fb94dda77855"/><exampleBoolean value="true"/><groupingId value="-ex-example"/></resource><resource><extension url="http://hl7.org/fhir/StructureDefinition/implementationguide-page"><valueUri value="Medication-6f4151e9-91f6-4f1e-adc3-fb94dda77856.html"/></extension><reference><reference value="Medication/6f4151e9-91f6-4f1e-adc3-fb94dda77856"/></reference><name value="6f4151e9-91f6-4f1e-adc3-fb94dda77856"/><exampleBoolean value="true"/><groupingId value="-ex-example"/></resource><resource><extension url="http://hl7.org/fhir/StructureDefinition/implementationguide-page"><valueUri value="Medication-6f4151e9-91f6-4f1e-adc3-fb94dda77857.html"/></extension><reference><reference value="Medication/6f4151e9-91f6-4f1e-adc3-fb94dda77857"/></reference><name value="6f4151e9-91f6-4f1e-adc3-fb94dda77857"/><exampleBoolean value="true"/><groupingId value="-ex-example"/></resource><resource><extension url="http://hl7.org/fhir/StructureDefinition/implementationguide-page"><valueUri value="Medication-6f4151e9-91f6-4f1e-adc3-fb94dda7785g.html"/></extension><reference><reference value="Medication/6f4151e9-91f6-4f1e-adc3-fb94dda7785g"/></reference><name value="6f4151e9-91f6-4f1e-adc3-fb94dda7785g"/><exampleBoolean value="true"/><groupingId value="-ex-example"/></resource><resource><extension url="http://hl7.org/fhir/StructureDefinition/implementationguide-page"><valueUri value="Medication-9ac3356c-4ea4-4814-84c3-235484f2ef19.html"/></extension><reference><reference value="Medication/9ac3356c-4ea4-4814-84c3-235484f2ef19"/></reference><name value="9ac3356c-4ea4-4814-84c3-235484f2ef19"/><exampleBoolean value="true"/><groupingId value="-ex-example"/></resource><resource><extension url="http://hl7.org/fhir/StructureDefinition/implementationguide-page"><valueUri value="Medication-9d7be868-8264-4d94-ad04-ef04ecc92e51.html"/></extension><reference><reference value="Medication/9d7be868-8264-4d94-ad04-ef04ecc92e51"/></reference><name value="9d7be868-8264-4d94-ad04-ef04ecc92e51"/><exampleBoolean value="true"/><groupingId value="-ex-example"/></resource><resource><extension url="http://hl7.org/fhir/StructureDefinition/implementationguide-page"><valueUri value="Medication-9d7be868-8264-4d94-ad04-ef04ecc92e52.html"/></extension><reference><reference value="Medication/9d7be868-8264-4d94-ad04-ef04ecc92e52"/></reference><name value="9d7be868-8264-4d94-ad04-ef04ecc92e52"/><exampleBoolean value="true"/><groupingId value="-ex-example"/></resource><resource><extension url="http://hl7.org/fhir/StructureDefinition/implementationguide-page"><valueUri value="Questionnaire-Questionnaire-example.html"/></extension><reference><reference value="Questionnaire/Questionnaire-example"/></reference><name value="Questionnaire-example"/><description value="Questionnaire Example"/><exampleBoolean value="true"/><groupingId value="-ex-example"/></resource><resource><extension url="http://hl7.org/fhir/StructureDefinition/implementationguide-page"><valueUri value="QuestionnaireResponse-QuestionnaireResponse-example.html"/></extension><reference><reference value="QuestionnaireResponse/QuestionnaireResponse-example"/></reference><name value="QuestionnaireResponse-example"/><description value="Questionnaire Response example"/><exampleBoolean value="true"/><groupingId value="-ex-example"/></resource><resource><extension url="http://hl7.org/fhir/StructureDefinition/implementationguide-page"><valueUri value="Medication-b50ae644-e0b7-4007-809f-26f493cbe36c.html"/></extension><reference><reference value="Medication/b50ae644-e0b7-4007-809f-26f493cbe36c"/></reference><name value="b50ae644-e0b7-4007-809f-26f493cbe36c"/><exampleBoolean value="true"/><groupingId value="-ex-example"/></resource><resource><extension url="http://hl7.org/fhir/StructureDefinition/implementationguide-page"><valueUri value="Condition-cecilia-cond-1.html"/></extension><reference><reference value="Condition/cecilia-cond-1"/></reference><name value="cecilia-cond-1"/><exampleBoolean value="true"/><groupingId value="-ex-example"/></resource><resource><extension url="http://hl7.org/fhir/StructureDefinition/implementationguide-page"><valueUri value="Condition-cecilia-cond-2.html"/></extension><reference><reference value="Condition/cecilia-cond-2"/></reference><name value="cecilia-cond-2"/><exampleBoolean value="true"/><groupingId value="-ex-example"/></resource><resource><extension url="http://hl7.org/fhir/StructureDefinition/implementationguide-page"><valueUri value="Condition-cecilia-cond-3.html"/></extension><reference><reference value="Condition/cecilia-cond-3"/></reference><name value="cecilia-cond-3"/><exampleBoolean value="true"/><groupingId value="-ex-example"/></resource><resource><extension url="http://hl7.org/fhir/StructureDefinition/implementationguide-page"><valueUri value="Condition-cecilia-cond-4.html"/></extension><reference><reference value="Condition/cecilia-cond-4"/></reference><name value="cecilia-cond-4"/><exampleBoolean value="true"/><groupingId value="-ex-example"/></resource><resource><extension url="http://hl7.org/fhir/StructureDefinition/implementationguide-page"><valueUri value="MedicationStatement-cecilia-med-stat-1.html"/></extension><reference><reference value="MedicationStatement/cecilia-med-stat-1"/></reference><name value="cecilia-med-stat-1"/><exampleBoolean value="true"/><groupingId value="-ex-example"/></resource><resource><extension url="http://hl7.org/fhir/StructureDefinition/implementationguide-page"><valueUri value="MedicationStatement-cecilia-med-stat-2.html"/></extension><reference><reference value="MedicationStatement/cecilia-med-stat-2"/></reference><name value="cecilia-med-stat-2"/><exampleBoolean value="true"/><groupingId value="-ex-example"/></resource><resource><extension url="http://hl7.org/fhir/StructureDefinition/implementationguide-page"><valueUri value="MedicationStatement-cecilia-med-stat-3.html"/></extension><reference><reference value="MedicationStatement/cecilia-med-stat-3"/></reference><name value="cecilia-med-stat-3"/><exampleBoolean value="true"/><groupingId value="-ex-example"/></resource><resource><extension url="http://hl7.org/fhir/StructureDefinition/implementationguide-page"><valueUri value="MedicationStatement-cecilia-med-stat-4.html"/></extension><reference><reference value="MedicationStatement/cecilia-med-stat-4"/></reference><name value="cecilia-med-stat-4"/><exampleBoolean value="true"/><groupingId value="-ex-example"/></resource><resource><extension url="http://hl7.org/fhir/StructureDefinition/implementationguide-page"><valueUri value="Patient-cecilia-patient.html"/></extension><reference><reference value="Patient/cecilia-patient"/></reference><name value="cecilia-patient"/><exampleBoolean value="true"/><groupingId value="-ex-example"/></resource><resource><extension url="http://hl7.org/fhir/StructureDefinition/implementationguide-page"><valueUri value="Practitioner-cecilia-pract.html"/></extension><reference><reference value="Practitioner/cecilia-pract"/></reference><name value="cecilia-pract"/><exampleBoolean value="true"/><groupingId value="-ex-example"/></resource><resource><extension url="http://hl7.org/fhir/StructureDefinition/implementationguide-page"><valueUri value="Medication-de131e15-ed13-4b31-b38c-3204a84d99c4.html"/></extension><reference><reference value="Medication/de131e15-ed13-4b31-b38c-3204a84d99c4"/></reference><name value="de131e15-ed13-4b31-b38c-3204a84d99c4"/><exampleBoolean value="true"/><groupingId value="-ex-example"/></resource><resource><extension url="http://hl7.org/fhir/StructureDefinition/implementationguide-page"><valueUri value="Medication-fdb5c97f-0a46-41ba-bc34-2efd2ef2f7e4.html"/></extension><reference><reference value="Medication/fdb5c97f-0a46-41ba-bc34-2efd2ef2f7e4"/></reference><name value="fdb5c97f-0a46-41ba-bc34-2efd2ef2f7e4"/><exampleBoolean value="true"/><groupingId value="-ex-example"/></resource><resource><extension url="http://hl7.org/fhir/StructureDefinition/implementationguide-page"><valueUri value="Medication-fdb5c97f-0a46-41ba-bc34-2efd2ef2f7et.html"/></extension><reference><reference value="Medication/fdb5c97f-0a46-41ba-bc34-2efd2ef2f7et"/></reference><name value="fdb5c97f-0a46-41ba-bc34-2efd2ef2f7et"/><exampleBoolean value="true"/><groupingId value="-ex-example"/></resource><resource><extension url="http://hl7.org/fhir/StructureDefinition/implementationguide-page"><valueUri value="Medication-fdb5c97f-0a46-41ba-bc34-2efd2ef2f7eu.html"/></extension><reference><reference value="Medication/fdb5c97f-0a46-41ba-bc34-2efd2ef2f7eu"/></reference><name value="fdb5c97f-0a46-41ba-bc34-2efd2ef2f7eu"/><exampleBoolean value="true"/><groupingId value="-ex-example"/></resource><resource><extension url="http://hl7.org/fhir/StructureDefinition/implementationguide-page"><valueUri value="Composition-gravitate-Cecilia.html"/></extension><reference><reference value="Composition/gravitate-Cecilia"/></reference><name value="[Composition] Cecilia Gravitate's IPS"/><description value="Example of International Patient Summary for Cecilia Gravitate"/><exampleBoolean value="true"/><groupingId value="Cecilia"/></resource><resource><extension url="http://hl7.org/fhir/StructureDefinition/implementationguide-page"><valueUri value="Bundle-gravitate-Cecilia.html"/></extension><reference><reference value="Bundle/gravitate-Cecilia"/></reference><name value="Cecilia Gravitate's IPS"/><description value="Example of International Patient Summary for Cecilia Gravitate"/><exampleBoolean value="true"/><groupingId value="Cecilia"/></resource><resource><extension url="http://hl7.org/fhir/StructureDefinition/implementationguide-page"><valueUri value="Composition-gravitate-Matilda.html"/></extension><reference><reference value="Composition/gravitate-Matilda"/></reference><name value="[Composition] Matilda Gravitate's IPS"/><description value="Example of International Patient Summary Composition for Matilda Gravitate"/><exampleBoolean value="true"/><groupingId value="Matilda"/></resource><resource><extension url="http://hl7.org/fhir/StructureDefinition/implementationguide-page"><valueUri value="Bundle-gravitate-Matilda.html"/></extension><reference><reference value="Bundle/gravitate-Matilda"/></reference><name value="Matilda Gravitate's IPS"/><description value="Example of International Patient Summary for Matilda Gravitate"/><exampleBoolean value="true"/><groupingId value="Matilda"/></resource><resource><extension url="http://hl7.org/fhir/StructureDefinition/implementationguide-page"><valueUri value="Composition-gravitate-Pedro.html"/></extension><reference><reference value="Composition/gravitate-Pedro"/></reference><name value="Pedro Gravitate's IPS Composition"/><description value="Example of International Patient Summary for Pedro Gravitate"/><exampleBoolean value="true"/><groupingId value="Pedro"/></resource><resource><extension url="http://hl7.org/fhir/StructureDefinition/implementationguide-page"><valueUri value="Bundle-gravitate-Pedro.html"/></extension><reference><reference value="Bundle/gravitate-Pedro"/></reference><name value="Pedro Gravitate's IPS"/><description value="Example of International Patient Summary for Pedro Gravitate"/><exampleBoolean value="true"/><groupingId value="Pedro"/></resource><resource><extension url="http://hl7.org/fhir/StructureDefinition/implementationguide-page"><valueUri value="Composition-gravitate-helen.html"/></extension><reference><reference value="Composition/gravitate-helen"/></reference><name value="[Composition] Helen Gravitate's IPS"/><exampleBoolean value="true"/><groupingId value="Helen"/></resource><resource><extension url="http://hl7.org/fhir/StructureDefinition/implementationguide-page"><valueUri value="Bundle-gravitate-helen.html"/></extension><reference><reference value="Bundle/gravitate-helen"/></reference><name value="Helen Gravitate's IPS"/><description value="Example of International Patient Summary for Helen Gravitate"/><exampleBoolean value="true"/><groupingId value="Helen"/></resource><resource><extension url="http://hl7.org/fhir/StructureDefinition/implementationguide-page"><valueUri value="Bundle-gravitate-ips-1.html"/></extension><reference><reference value="Bundle/gravitate-ips-1"/></reference><name value="IPS Example 1 Document"/><description value="Example of International Patient Summary for Gravitate"/><exampleBoolean value="true"/><groupingId value="-ex-example"/></resource><resource><extension url="http://hl7.org/fhir/StructureDefinition/implementationguide-page"><valueUri value="Bundle-gravitate-ips-2.html"/></extension><reference><reference value="Bundle/gravitate-ips-2"/></reference><name value="IPS Example 2 Document"/><description value="Example of International Patient Summary for Gravitate"/><exampleBoolean value="true"/><groupingId value="-ex-example"/></resource><resource><extension url="http://hl7.org/fhir/StructureDefinition/implementationguide-page"><valueUri value="Bundle-gravitate-ips-3.html"/></extension><reference><reference value="Bundle/gravitate-ips-3"/></reference><name value="IPS Example 3 Document"/><description value="Example of International Patient Summary for Gravitate"/><exampleBoolean value="true"/><groupingId value="-ex-example"/></resource><resource><extension url="http://hl7.org/fhir/StructureDefinition/implementationguide-page"><valueUri value="Composition-gravitate-maria.html"/></extension><reference><reference value="Composition/gravitate-maria"/></reference><name value="[Composition] Maria Gravitate's IPS"/><description value="Example of International Patient Summary Composition for Maria Gravitate"/><exampleBoolean value="true"/><groupingId value="Maria"/></resource><resource><extension url="http://hl7.org/fhir/StructureDefinition/implementationguide-page"><valueUri value="Bundle-gravitate-maria.html"/></extension><reference><reference value="Bundle/gravitate-maria"/></reference><name value="Maria Gravitate's IPS"/><description value="Example of International Patient Summary for Maria Gravitate"/><exampleBoolean value="true"/><groupingId value="Maria"/></resource><resource><extension url="http://hl7.org/fhir/StructureDefinition/implementationguide-page"><valueUri value="Composition-ips-example-1.html"/></extension><reference><reference value="Composition/ips-example-1"/></reference><name value="[Composition] IPS Example 1 IPS"/><exampleBoolean value="true"/><groupingId value="-ex-example"/></resource><resource><extension url="http://hl7.org/fhir/StructureDefinition/implementationguide-page"><valueUri value="Composition-ips-example-2.html"/></extension><reference><reference value="Composition/ips-example-2"/></reference><name value="[Composition] IPS Example 2 IPS"/><exampleBoolean value="true"/><groupingId value="-ex-example"/></resource><resource><extension url="http://hl7.org/fhir/StructureDefinition/implementationguide-page"><valueUri value="Composition-ips-example-3.html"/></extension><reference><reference value="Composition/ips-example-3"/></reference><name value="IPS Example 3 Composition"/><exampleBoolean value="true"/><groupingId value="-ex-example"/></resource><resource><extension url="http://hl7.org/fhir/StructureDefinition/implementationguide-page"><valueUri value="Condition-matilda-cond-1.html"/></extension><reference><reference value="Condition/matilda-cond-1"/></reference><name value="matilda-cond-1"/><exampleBoolean value="true"/><groupingId value="-ex-example"/></resource><resource><extension url="http://hl7.org/fhir/StructureDefinition/implementationguide-page"><valueUri value="MedicationStatement-matilda-med-stat-1.html"/></extension><reference><reference value="MedicationStatement/matilda-med-stat-1"/></reference><name value="matilda-med-stat-1"/><exampleBoolean value="true"/><groupingId value="-ex-example"/></resource><resource><extension url="http://hl7.org/fhir/StructureDefinition/implementationguide-page"><valueUri value="MedicationStatement-matilda-med-stat-2.html"/></extension><reference><reference value="MedicationStatement/matilda-med-stat-2"/></reference><name value="matilda-med-stat-2"/><exampleBoolean value="true"/><groupingId value="-ex-example"/></resource><resource><extension url="http://hl7.org/fhir/StructureDefinition/implementationguide-page"><valueUri value="MedicationStatement-matilda-med-stat-3.html"/></extension><reference><reference value="MedicationStatement/matilda-med-stat-3"/></reference><name value="matilda-med-stat-3"/><exampleBoolean value="true"/><groupingId value="-ex-example"/></resource><resource><extension url="http://hl7.org/fhir/StructureDefinition/implementationguide-page"><valueUri value="Patient-matilda-patient.html"/></extension><reference><reference value="Patient/matilda-patient"/></reference><name value="matilda-patient"/><exampleBoolean value="true"/><groupingId value="-ex-example"/></resource><resource><extension url="http://hl7.org/fhir/StructureDefinition/implementationguide-page"><valueUri value="Practitioner-matilda-pract.html"/></extension><reference><reference value="Practitioner/matilda-pract"/></reference><name value="matilda-pract"/><exampleBoolean value="true"/><groupingId value="-ex-example"/></resource><resource><extension url="http://hl7.org/fhir/StructureDefinition/implementationguide-page"><valueUri value="Condition-pedro-cond-1.html"/></extension><reference><reference value="Condition/pedro-cond-1"/></reference><name value="pedro-cond-1"/><exampleBoolean value="true"/><groupingId value="-ex-example"/></resource><resource><extension url="http://hl7.org/fhir/StructureDefinition/implementationguide-page"><valueUri value="Condition-pedro-cond-2.html"/></extension><reference><reference value="Condition/pedro-cond-2"/></reference><name value="pedro-cond-2"/><exampleBoolean value="true"/><groupingId value="-ex-example"/></resource><resource><extension url="http://hl7.org/fhir/StructureDefinition/implementationguide-page"><valueUri value="Condition-pedro-cond-3.html"/></extension><reference><reference value="Condition/pedro-cond-3"/></reference><name value="pedro-cond-3"/><exampleBoolean value="true"/><groupingId value="-ex-example"/></resource><resource><extension url="http://hl7.org/fhir/StructureDefinition/implementationguide-page"><valueUri value="MedicationStatement-pedro-med-stat-1.html"/></extension><reference><reference value="MedicationStatement/pedro-med-stat-1"/></reference><name value="pedro-med-stat-1"/><exampleBoolean value="true"/><groupingId value="-ex-example"/></resource><resource><extension url="http://hl7.org/fhir/StructureDefinition/implementationguide-page"><valueUri value="MedicationStatement-pedro-med-stat-2.html"/></extension><reference><reference value="MedicationStatement/pedro-med-stat-2"/></reference><name value="pedro-med-stat-2"/><exampleBoolean value="true"/><groupingId value="-ex-example"/></resource><resource><extension url="http://hl7.org/fhir/StructureDefinition/implementationguide-page"><valueUri value="MedicationStatement-pedro-med-stat-3.html"/></extension><reference><reference value="MedicationStatement/pedro-med-stat-3"/></reference><name value="pedro-med-stat-3"/><exampleBoolean value="true"/><groupingId value="-ex-example"/></resource><resource><extension url="http://hl7.org/fhir/StructureDefinition/implementationguide-page"><valueUri value="MedicationStatement-pedro-med-stat-4.html"/></extension><reference><reference value="MedicationStatement/pedro-med-stat-4"/></reference><name value="pedro-med-stat-4"/><exampleBoolean value="true"/><groupingId value="-ex-example"/></resource><resource><extension url="http://hl7.org/fhir/StructureDefinition/implementationguide-page"><valueUri value="MedicationStatement-pedro-med-stat-5.html"/></extension><reference><reference value="MedicationStatement/pedro-med-stat-5"/></reference><name value="pedro-med-stat-5"/><exampleBoolean value="true"/><groupingId value="-ex-example"/></resource><resource><extension url="http://hl7.org/fhir/StructureDefinition/implementationguide-page"><valueUri value="MedicationStatement-pedro-med-stat-6.html"/></extension><reference><reference value="MedicationStatement/pedro-med-stat-6"/></reference><name value="pedro-med-stat-6"/><exampleBoolean value="true"/><groupingId value="-ex-example"/></resource><resource><extension url="http://hl7.org/fhir/StructureDefinition/implementationguide-page"><valueUri value="MedicationStatement-pedro-med-stat-7.html"/></extension><reference><reference value="MedicationStatement/pedro-med-stat-7"/></reference><name value="pedro-med-stat-7"/><exampleBoolean value="true"/><groupingId value="-ex-example"/></resource><resource><extension url="http://hl7.org/fhir/StructureDefinition/implementationguide-page"><valueUri value="Patient-pedro-patient.html"/></extension><reference><reference value="Patient/pedro-patient"/></reference><name value="pedro-patient"/><exampleBoolean value="true"/><groupingId value="-ex-example"/></resource><resource><extension url="http://hl7.org/fhir/StructureDefinition/implementationguide-page"><valueUri value="Practitioner-pedro-pract.html"/></extension><reference><reference value="Practitioner/pedro-pract"/></reference><name value="pedro-pract"/><exampleBoolean value="true"/><groupingId value="-ex-example"/></resource><page><extension url="http://hl7.org/fhir/tools/StructureDefinition/ig-page-name"><valueUrl value="toc.html"/></extension><nameUrl value="toc.html"/><title value="Table of Contents"/><generation value="html"/><page><extension url="http://hl7.org/fhir/tools/StructureDefinition/ig-page-name"><valueUrl value="index.html"/></extension><nameUrl value="index.html"/><title value="Home"/><generation value="markdown"/></page><page><extension url="http://hl7.org/fhir/tools/StructureDefinition/ig-page-name"><valueUrl value="CapabilityStatement-capability-statement-ema.html"/></extension><nameUrl value="CapabilityStatement-capability-statement-ema.html"/><title value="Capability Statement Capability Statement Ema"/><generation value="markdown"/></page><page><extension url="http://hl7.org/fhir/tools/StructureDefinition/ig-page-name"><valueUrl value="Connecting-data.html"/></extension><nameUrl value="Connecting-data.html"/><title value="Connecting Data"/><generation value="markdown"/></page><page><extension url="http://hl7.org/fhir/tools/StructureDefinition/ig-page-name"><valueUrl value="connections.html"/></extension><nameUrl value="connections.html"/><title value="Connections"/><generation value="markdown"/></page><page><extension url="http://hl7.org/fhir/tools/StructureDefinition/ig-page-name"><valueUrl value="copyright.html"/></extension><nameUrl value="copyright.html"/><title value="Copyright"/><generation value="markdown"/></page><page><extension url="http://hl7.org/fhir/tools/StructureDefinition/ig-page-name"><valueUrl value="downloads.html"/></extension><nameUrl value="downloads.html"/><title value="Downloads"/><generation value="html"/></page><page><extension url="http://hl7.org/fhir/tools/StructureDefinition/ig-page-name"><valueUrl value="ePI-structure.html"/></extension><nameUrl value="ePI-structure.html"/><title value="E PI Structure"/><generation value="markdown"/></page><page><extension url="http://hl7.org/fhir/tools/StructureDefinition/ig-page-name"><valueUrl value="SampleData.html"/></extension><nameUrl value="SampleData.html"/><title value="Sample Data"/><generation value="markdown"/></page><page><extension url="http://hl7.org/fhir/tools/StructureDefinition/ig-page-name"><valueUrl value="terminology.html"/></extension><nameUrl value="terminology.html"/><title value="Terminology"/><generation value="markdown"/></page><page><extension url="http://hl7.org/fhir/tools/StructureDefinition/ig-page-name"><valueUrl value="use-case-example.html"/></extension><nameUrl value="use-case-example.html"/><title value="Use Case Example"/><generation value="markdown"/></page><page><extension url="http://hl7.org/fhir/tools/StructureDefinition/ig-page-name"><valueUrl value="artifacts.html"/></extension><nameUrl value="artifacts.html"/><title value="Artifacts Summary"/><generation value="html"/><page><extension url="http://hl7.org/fhir/tools/StructureDefinition/ig-page-name"><valueUrl value="Composition-gravitate-Pedro.html"/></extension><nameUrl value="Composition-gravitate-Pedro.html"/><title value="Pedro Gravitate's IPS Composition"/><generation value="generated"/></page><page><extension url="http://hl7.org/fhir/tools/StructureDefinition/ig-page-name"><valueUrl value="Bundle-gravitate-Pedro.html"/></extension><nameUrl value="Bundle-gravitate-Pedro.html"/><title value="Pedro Gravitate's IPS"/><generation value="generated"/></page><page><extension url="http://hl7.org/fhir/tools/StructureDefinition/ig-page-name"><valueUrl value="Composition-gravitate-Cecilia.html"/></extension><nameUrl value="Composition-gravitate-Cecilia.html"/><title value="[Composition] Cecilia Gravitate's IPS"/><generation value="generated"/></page><page><extension url="http://hl7.org/fhir/tools/StructureDefinition/ig-page-name"><valueUrl value="Bundle-gravitate-Cecilia.html"/></extension><nameUrl value="Bundle-gravitate-Cecilia.html"/><title value="Cecilia Gravitate's IPS"/><generation value="generated"/></page><page><extension url="http://hl7.org/fhir/tools/StructureDefinition/ig-page-name"><valueUrl value="Composition-gravitate-helen.html"/></extension><nameUrl value="Composition-gravitate-helen.html"/><title value="[Composition] Helen Gravitate's IPS"/><generation value="generated"/></page><page><extension url="http://hl7.org/fhir/tools/StructureDefinition/ig-page-name"><valueUrl value="Bundle-gravitate-helen.html"/></extension><nameUrl value="Bundle-gravitate-helen.html"/><title value="Helen Gravitate's IPS"/><generation value="generated"/></page><page><extension url="http://hl7.org/fhir/tools/StructureDefinition/ig-page-name"><valueUrl value="Composition-gravitate-Matilda.html"/></extension><nameUrl value="Composition-gravitate-Matilda.html"/><title value="[Composition] Matilda Gravitate's IPS"/><generation value="generated"/></page><page><extension url="http://hl7.org/fhir/tools/StructureDefinition/ig-page-name"><valueUrl value="Bundle-gravitate-Matilda.html"/></extension><nameUrl value="Bundle-gravitate-Matilda.html"/><title value="Matilda Gravitate's IPS"/><generation value="generated"/></page><page><extension url="http://hl7.org/fhir/tools/StructureDefinition/ig-page-name"><valueUrl value="Composition-gravitate-maria.html"/></extension><nameUrl value="Composition-gravitate-maria.html"/><title value="[Composition] Maria Gravitate's IPS"/><generation value="generated"/></page><page><extension url="http://hl7.org/fhir/tools/StructureDefinition/ig-page-name"><valueUrl value="Bundle-gravitate-maria.html"/></extension><nameUrl value="Bundle-gravitate-maria.html"/><title value="Maria Gravitate's IPS"/><generation value="generated"/></page><page><extension url="http://hl7.org/fhir/tools/StructureDefinition/ig-page-name"><valueUrl value="StructureDefinition-example-persona-profile.html"/></extension><nameUrl value="StructureDefinition-example-persona-profile.html"/><title value="Persona Dimension Profile"/><generation value="generated"/></page><page><extension url="http://hl7.org/fhir/tools/StructureDefinition/ig-page-name"><valueUrl value="ValueSet-PDcategoryVS.html"/></extension><nameUrl value="ValueSet-PDcategoryVS.html"/><title value="PDcategoryVS"/><generation value="generated"/></page><page><extension url="http://hl7.org/fhir/tools/StructureDefinition/ig-page-name"><valueUrl value="ValueSet-PDtypeVS.html"/></extension><nameUrl value="ValueSet-PDtypeVS.html"/><title value="PDtypeVS"/><generation value="generated"/></page><page><extension url="http://hl7.org/fhir/tools/StructureDefinition/ig-page-name"><valueUrl value="Medication-6f4151e9-91f6-4f1e-adc3-fb94dda77854.html"/></extension><nameUrl value="Medication-6f4151e9-91f6-4f1e-adc3-fb94dda77854.html"/><title value="6f4151e9-91f6-4f1e-adc3-fb94dda77854"/><generation value="generated"/></page><page><extension url="http://hl7.org/fhir/tools/StructureDefinition/ig-page-name"><valueUrl value="Medication-6f4151e9-91f6-4f1e-adc3-fb94dda77855.html"/></extension><nameUrl value="Medication-6f4151e9-91f6-4f1e-adc3-fb94dda77855.html"/><title value="6f4151e9-91f6-4f1e-adc3-fb94dda77855"/><generation value="generated"/></page><page><extension url="http://hl7.org/fhir/tools/StructureDefinition/ig-page-name"><valueUrl value="Medication-6f4151e9-91f6-4f1e-adc3-fb94dda77856.html"/></extension><nameUrl value="Medication-6f4151e9-91f6-4f1e-adc3-fb94dda77856.html"/><title value="6f4151e9-91f6-4f1e-adc3-fb94dda77856"/><generation value="generated"/></page><page><extension url="http://hl7.org/fhir/tools/StructureDefinition/ig-page-name"><valueUrl value="Medication-6f4151e9-91f6-4f1e-adc3-fb94dda77857.html"/></extension><nameUrl value="Medication-6f4151e9-91f6-4f1e-adc3-fb94dda77857.html"/><title value="6f4151e9-91f6-4f1e-adc3-fb94dda77857"/><generation value="generated"/></page><page><extension url="http://hl7.org/fhir/tools/StructureDefinition/ig-page-name"><valueUrl value="Medication-6f4151e9-91f6-4f1e-adc3-fb94dda7785g.html"/></extension><nameUrl value="Medication-6f4151e9-91f6-4f1e-adc3-fb94dda7785g.html"/><title value="6f4151e9-91f6-4f1e-adc3-fb94dda7785g"/><generation value="generated"/></page><page><extension url="http://hl7.org/fhir/tools/StructureDefinition/ig-page-name"><valueUrl value="Medication-9ac3356c-4ea4-4814-84c3-235484f2ef19.html"/></extension><nameUrl value="Medication-9ac3356c-4ea4-4814-84c3-235484f2ef19.html"/><title value="9ac3356c-4ea4-4814-84c3-235484f2ef19"/><generation value="generated"/></page><page><extension url="http://hl7.org/fhir/tools/StructureDefinition/ig-page-name"><valueUrl value="Medication-9d7be868-8264-4d94-ad04-ef04ecc92e51.html"/></extension><nameUrl value="Medication-9d7be868-8264-4d94-ad04-ef04ecc92e51.html"/><title value="9d7be868-8264-4d94-ad04-ef04ecc92e51"/><generation value="generated"/></page><page><extension url="http://hl7.org/fhir/tools/StructureDefinition/ig-page-name"><valueUrl value="Medication-9d7be868-8264-4d94-ad04-ef04ecc92e52.html"/></extension><nameUrl value="Medication-9d7be868-8264-4d94-ad04-ef04ecc92e52.html"/><title value="9d7be868-8264-4d94-ad04-ef04ecc92e52"/><generation value="generated"/></page><page><extension url="http://hl7.org/fhir/tools/StructureDefinition/ig-page-name"><valueUrl value="Questionnaire-Questionnaire-example.html"/></extension><nameUrl value="Questionnaire-Questionnaire-example.html"/><title value="Questionnaire-example"/><generation value="generated"/></page><page><extension url="http://hl7.org/fhir/tools/StructureDefinition/ig-page-name"><valueUrl value="QuestionnaireResponse-QuestionnaireResponse-example.html"/></extension><nameUrl value="QuestionnaireResponse-QuestionnaireResponse-example.html"/><title value="QuestionnaireResponse-example"/><generation value="generated"/></page><page><extension url="http://hl7.org/fhir/tools/StructureDefinition/ig-page-name"><valueUrl value="Medication-b50ae644-e0b7-4007-809f-26f493cbe36c.html"/></extension><nameUrl value="Medication-b50ae644-e0b7-4007-809f-26f493cbe36c.html"/><title value="b50ae644-e0b7-4007-809f-26f493cbe36c"/><generation value="generated"/></page><page><extension url="http://hl7.org/fhir/tools/StructureDefinition/ig-page-name"><valueUrl value="Condition-cecilia-cond-1.html"/></extension><nameUrl value="Condition-cecilia-cond-1.html"/><title value="cecilia-cond-1"/><generation value="generated"/></page><page><extension url="http://hl7.org/fhir/tools/StructureDefinition/ig-page-name"><valueUrl value="Condition-cecilia-cond-2.html"/></extension><nameUrl value="Condition-cecilia-cond-2.html"/><title value="cecilia-cond-2"/><generation value="generated"/></page><page><extension url="http://hl7.org/fhir/tools/StructureDefinition/ig-page-name"><valueUrl value="Condition-cecilia-cond-3.html"/></extension><nameUrl value="Condition-cecilia-cond-3.html"/><title value="cecilia-cond-3"/><generation value="generated"/></page><page><extension url="http://hl7.org/fhir/tools/StructureDefinition/ig-page-name"><valueUrl value="Condition-cecilia-cond-4.html"/></extension><nameUrl value="Condition-cecilia-cond-4.html"/><title value="cecilia-cond-4"/><generation value="generated"/></page><page><extension url="http://hl7.org/fhir/tools/StructureDefinition/ig-page-name"><valueUrl value="MedicationStatement-cecilia-med-stat-1.html"/></extension><nameUrl value="MedicationStatement-cecilia-med-stat-1.html"/><title value="cecilia-med-stat-1"/><generation value="generated"/></page><page><extension url="http://hl7.org/fhir/tools/StructureDefinition/ig-page-name"><valueUrl value="MedicationStatement-cecilia-med-stat-2.html"/></extension><nameUrl value="MedicationStatement-cecilia-med-stat-2.html"/><title value="cecilia-med-stat-2"/><generation value="generated"/></page><page><extension url="http://hl7.org/fhir/tools/StructureDefinition/ig-page-name"><valueUrl value="MedicationStatement-cecilia-med-stat-3.html"/></extension><nameUrl value="MedicationStatement-cecilia-med-stat-3.html"/><title value="cecilia-med-stat-3"/><generation value="generated"/></page><page><extension url="http://hl7.org/fhir/tools/StructureDefinition/ig-page-name"><valueUrl value="MedicationStatement-cecilia-med-stat-4.html"/></extension><nameUrl value="MedicationStatement-cecilia-med-stat-4.html"/><title value="cecilia-med-stat-4"/><generation value="generated"/></page><page><extension url="http://hl7.org/fhir/tools/StructureDefinition/ig-page-name"><valueUrl value="Patient-cecilia-patient.html"/></extension><nameUrl value="Patient-cecilia-patient.html"/><title value="cecilia-patient"/><generation value="generated"/></page><page><extension url="http://hl7.org/fhir/tools/StructureDefinition/ig-page-name"><valueUrl value="Practitioner-cecilia-pract.html"/></extension><nameUrl value="Practitioner-cecilia-pract.html"/><title value="cecilia-pract"/><generation value="generated"/></page><page><extension url="http://hl7.org/fhir/tools/StructureDefinition/ig-page-name"><valueUrl value="Medication-de131e15-ed13-4b31-b38c-3204a84d99c4.html"/></extension><nameUrl value="Medication-de131e15-ed13-4b31-b38c-3204a84d99c4.html"/><title value="de131e15-ed13-4b31-b38c-3204a84d99c4"/><generation value="generated"/></page><page><extension url="http://hl7.org/fhir/tools/StructureDefinition/ig-page-name"><valueUrl value="Medication-fdb5c97f-0a46-41ba-bc34-2efd2ef2f7e4.html"/></extension><nameUrl value="Medication-fdb5c97f-0a46-41ba-bc34-2efd2ef2f7e4.html"/><title value="fdb5c97f-0a46-41ba-bc34-2efd2ef2f7e4"/><generation value="generated"/></page><page><extension url="http://hl7.org/fhir/tools/StructureDefinition/ig-page-name"><valueUrl value="Medication-fdb5c97f-0a46-41ba-bc34-2efd2ef2f7et.html"/></extension><nameUrl value="Medication-fdb5c97f-0a46-41ba-bc34-2efd2ef2f7et.html"/><title value="fdb5c97f-0a46-41ba-bc34-2efd2ef2f7et"/><generation value="generated"/></page><page><extension url="http://hl7.org/fhir/tools/StructureDefinition/ig-page-name"><valueUrl value="Medication-fdb5c97f-0a46-41ba-bc34-2efd2ef2f7eu.html"/></extension><nameUrl value="Medication-fdb5c97f-0a46-41ba-bc34-2efd2ef2f7eu.html"/><title value="fdb5c97f-0a46-41ba-bc34-2efd2ef2f7eu"/><generation value="generated"/></page><page><extension url="http://hl7.org/fhir/tools/StructureDefinition/ig-page-name"><valueUrl value="Bundle-gravitate-ips-1.html"/></extension><nameUrl value="Bundle-gravitate-ips-1.html"/><title value="IPS Example 1 Document"/><generation value="generated"/></page><page><extension url="http://hl7.org/fhir/tools/StructureDefinition/ig-page-name"><valueUrl value="Bundle-gravitate-ips-2.html"/></extension><nameUrl value="Bundle-gravitate-ips-2.html"/><title value="IPS Example 2 Document"/><generation value="generated"/></page><page><extension url="http://hl7.org/fhir/tools/StructureDefinition/ig-page-name"><valueUrl value="Bundle-gravitate-ips-3.html"/></extension><nameUrl value="Bundle-gravitate-ips-3.html"/><title value="IPS Example 3 Document"/><generation value="generated"/></page><page><extension url="http://hl7.org/fhir/tools/StructureDefinition/ig-page-name"><valueUrl value="Composition-ips-example-1.html"/></extension><nameUrl value="Composition-ips-example-1.html"/><title value="[Composition] IPS Example 1 IPS"/><generation value="generated"/></page><page><extension url="http://hl7.org/fhir/tools/StructureDefinition/ig-page-name"><valueUrl value="Composition-ips-example-2.html"/></extension><nameUrl value="Composition-ips-example-2.html"/><title value="[Composition] IPS Example 2 IPS"/><generation value="generated"/></page><page><extension url="http://hl7.org/fhir/tools/StructureDefinition/ig-page-name"><valueUrl value="Composition-ips-example-3.html"/></extension><nameUrl value="Composition-ips-example-3.html"/><title value="IPS Example 3 Composition"/><generation value="generated"/></page><page><extension url="http://hl7.org/fhir/tools/StructureDefinition/ig-page-name"><valueUrl value="Condition-matilda-cond-1.html"/></extension><nameUrl value="Condition-matilda-cond-1.html"/><title value="matilda-cond-1"/><generation value="generated"/></page><page><extension url="http://hl7.org/fhir/tools/StructureDefinition/ig-page-name"><valueUrl value="MedicationStatement-matilda-med-stat-1.html"/></extension><nameUrl value="MedicationStatement-matilda-med-stat-1.html"/><title value="matilda-med-stat-1"/><generation value="generated"/></page><page><extension url="http://hl7.org/fhir/tools/StructureDefinition/ig-page-name"><valueUrl value="MedicationStatement-matilda-med-stat-2.html"/></extension><nameUrl value="MedicationStatement-matilda-med-stat-2.html"/><title value="matilda-med-stat-2"/><generation value="generated"/></page><page><extension url="http://hl7.org/fhir/tools/StructureDefinition/ig-page-name"><valueUrl value="MedicationStatement-matilda-med-stat-3.html"/></extension><nameUrl value="MedicationStatement-matilda-med-stat-3.html"/><title value="matilda-med-stat-3"/><generation value="generated"/></page><page><extension url="http://hl7.org/fhir/tools/StructureDefinition/ig-page-name"><valueUrl value="Patient-matilda-patient.html"/></extension><nameUrl value="Patient-matilda-patient.html"/><title value="matilda-patient"/><generation value="generated"/></page><page><extension url="http://hl7.org/fhir/tools/StructureDefinition/ig-page-name"><valueUrl value="Practitioner-matilda-pract.html"/></extension><nameUrl value="Practitioner-matilda-pract.html"/><title value="matilda-pract"/><generation value="generated"/></page><page><extension url="http://hl7.org/fhir/tools/StructureDefinition/ig-page-name"><valueUrl value="Condition-pedro-cond-1.html"/></extension><nameUrl value="Condition-pedro-cond-1.html"/><title value="pedro-cond-1"/><generation value="generated"/></page><page><extension url="http://hl7.org/fhir/tools/StructureDefinition/ig-page-name"><valueUrl value="Condition-pedro-cond-2.html"/></extension><nameUrl value="Condition-pedro-cond-2.html"/><title value="pedro-cond-2"/><generation value="generated"/></page><page><extension url="http://hl7.org/fhir/tools/StructureDefinition/ig-page-name"><valueUrl value="Condition-pedro-cond-3.html"/></extension><nameUrl value="Condition-pedro-cond-3.html"/><title value="pedro-cond-3"/><generation value="generated"/></page><page><extension url="http://hl7.org/fhir/tools/StructureDefinition/ig-page-name"><valueUrl value="MedicationStatement-pedro-med-stat-1.html"/></extension><nameUrl value="MedicationStatement-pedro-med-stat-1.html"/><title value="pedro-med-stat-1"/><generation value="generated"/></page><page><extension url="http://hl7.org/fhir/tools/StructureDefinition/ig-page-name"><valueUrl value="MedicationStatement-pedro-med-stat-2.html"/></extension><nameUrl value="MedicationStatement-pedro-med-stat-2.html"/><title value="pedro-med-stat-2"/><generation value="generated"/></page><page><extension url="http://hl7.org/fhir/tools/StructureDefinition/ig-page-name"><valueUrl value="MedicationStatement-pedro-med-stat-3.html"/></extension><nameUrl value="MedicationStatement-pedro-med-stat-3.html"/><title value="pedro-med-stat-3"/><generation value="generated"/></page><page><extension url="http://hl7.org/fhir/tools/StructureDefinition/ig-page-name"><valueUrl value="MedicationStatement-pedro-med-stat-4.html"/></extension><nameUrl value="MedicationStatement-pedro-med-stat-4.html"/><title value="pedro-med-stat-4"/><generation value="generated"/></page><page><extension url="http://hl7.org/fhir/tools/StructureDefinition/ig-page-name"><valueUrl value="MedicationStatement-pedro-med-stat-5.html"/></extension><nameUrl value="MedicationStatement-pedro-med-stat-5.html"/><title value="pedro-med-stat-5"/><generation value="generated"/></page><page><extension url="http://hl7.org/fhir/tools/StructureDefinition/ig-page-name"><valueUrl value="MedicationStatement-pedro-med-stat-6.html"/></extension><nameUrl value="MedicationStatement-pedro-med-stat-6.html"/><title value="pedro-med-stat-6"/><generation value="generated"/></page><page><extension url="http://hl7.org/fhir/tools/StructureDefinition/ig-page-name"><valueUrl value="MedicationStatement-pedro-med-stat-7.html"/></extension><nameUrl value="MedicationStatement-pedro-med-stat-7.html"/><title value="pedro-med-stat-7"/><generation value="generated"/></page><page><extension url="http://hl7.org/fhir/tools/StructureDefinition/ig-page-name"><valueUrl value="Patient-pedro-patient.html"/></extension><nameUrl value="Patient-pedro-patient.html"/><title value="pedro-patient"/><generation value="generated"/></page><page><extension url="http://hl7.org/fhir/tools/StructureDefinition/ig-page-name"><valueUrl value="Practitioner-pedro-pract.html"/></extension><nameUrl value="Practitioner-pedro-pract.html"/><title value="pedro-pract"/><generation value="generated"/></page></page></page><parameter><code value="path-resource"/><value value="input/capabilities"/></parameter><parameter><code value="path-resource"/><value value="input/examples"/></parameter><parameter><code value="path-resource"/><value value="input/extensions"/></parameter><parameter><code value="path-resource"/><value value="input/models"/></parameter><parameter><code value="path-resource"/><value value="input/operations"/></parameter><parameter><code value="path-resource"/><value value="input/profiles"/></parameter><parameter><code value="path-resource"/><value value="input/resources"/></parameter><parameter><code value="path-resource"/><value value="input/vocabulary"/></parameter><parameter><code value="path-resource"/><value value="input/maps"/></parameter><parameter><code value="path-resource"/><value value="input/testing"/></parameter><parameter><code value="path-resource"/><value value="input/history"/></parameter><parameter><code value="path-resource"/><value value="fsh-generated/resources"/></parameter><parameter><code value="path-pages"/><value value="template/config"/></parameter><parameter><code value="path-pages"/><value value="input/images"/></parameter><parameter><code value="path-tx-cache"/><value value="input-cache/txcache"/></parameter></definition></ImplementationGuide>