<?xml version="1.0" encoding="UTF-8"?><ValueSet xmlns="http://hl7.org/fhir"><id value="PDcategoryVS"/><text><status value="generated"/><div xmlns="http://www.w3.org/1999/xhtml"><p>This value set includes codes based on the following rules:</p><ul/></div></text><url value="http://hl7.eu/fhir/ig/gravitate-health-ips/ValueSet/PDcategoryVS"/><version value="0.1.0"/><name value="PDcategoryVS"/><status value="active"/><date value="2022-12-12T17:57:03+00:00"/><contact><name value="Gravitate Health Project"/><telecom><system value="url"/><value value="https://www.gravitatehealth.eu/"/></telecom></contact></ValueSet>