<?xml version="1.0" encoding="UTF-8"?>

<Composition xmlns="http://hl7.org/fhir">
  <id value="gravitate-Matilda"/>
  <text>
    <status value="extensions"/><div xmlns="http://www.w3.org/1999/xhtml">
  
    <b>Id:</b>
    gravitate-Matilda
  <br/>
  
    <b>status:</b>
    final
  <br/>
  
    <b>Type:</b>
    Patient summary Document
  <br/>
  
    <b>Subject:</b>
    <a>Matilda Gravitate</a>
  

  <br/>
  <b>Sections:</b>
  <br/>

  <ul>
    
      <li>

        Problem List

      </li>
      <ul>

        

          <li>

            Crohn's disease

          </li>
        
      </ul>

    
      <li>

        Medication Summary

      </li>
      <ul>

        

          <li>

            Humira 40 mg

          </li>
        

          <li>

            Paracetamol 500 mg

          </li>
        

          <li>

            Pentasa 1g mesalazine

          </li>
        
      </ul>

    
  </ul>
</div>
  </text>
  <status value="final"/>
  <type>
    <coding>
      <system value="http://loinc.org"/>
      <code value="60591-5"/>
      <display value="Patient summary Document"/>
    </coding>
  </type>
  <subject>
    <reference value="Patient/matilda-patient"/>
    <display value="Matilda Gravitate"/>
  </subject>
  <date value="2018-07-10T15:22:00+02:00"/>
  <author>
    <reference value="Practitioner/matilda-pract"/>
    <display value="Dr. Ana Lopez"/>
  </author>
  <title value="Patient Summary (Matilda Gravitate)"/>
  <confidentiality value="N"/>
  <section>
    <title value="Problem List"/>
    <code>
      <coding>
        <system value="http://loinc.org"/>
        <code value="11450-4"/>
        <display value="Problem list Reported"/>
      </coding>
    </code>
    <entry>
      <reference value="Condition/matilda-cond-1"/>
      <display value="Crohn's disease"/>
    </entry>
  </section>
  <section>
    <title value="Medication Summary"/>
    <code>
      <coding>
        <system value="http://loinc.org"/>
        <code value="10160-0"/>
        <display value="Hx of Medication use"/>
      </coding>
    </code>
    <entry>
      <reference value="MedicationStatement/matilda-med-stat-1"/>
      <display value="Humira 40 mg"/>
    </entry>
    <entry>
      <reference value="MedicationStatement/matilda-med-stat-2"/>
      <display value="Paracetamol 500 mg"/>
    </entry>
    <entry>
      <reference value="MedicationStatement/matilda-med-stat-3"/>
      <display value="Pentasa 1g mesalazine"/>
    </entry>
  </section>
</Composition>