<?xml version="1.0" encoding="UTF-8"?>

<Composition xmlns="http://hl7.org/fhir">
  <id value="gravitate-Cecilia"/>
  <text>
    <status value="extensions"/><div xmlns="http://www.w3.org/1999/xhtml">
  
    <b>Id:</b>
    gravitate-Cecilia
  <br/>
  
    <b>status:</b>
    final
  <br/>
  
    <b>Type:</b>
    Patient summary Document
  <br/>
  
    <b>Subject:</b>
    <a>Cecilia Gravitate</a>
  

  <br/>
  <b>Sections:</b>
  <br/>

  <ul>
    
      <li>

        Problem List

      </li>
      <ul>

        

          <li>

            COPD

          </li>
        

          <li>

            Diabetese Type 2

          </li>
        

          <li>

            Osteoporosis

          </li>
        

          <li>

            Congestive Heart Failure

          </li>
        
      </ul>

    
      <li>

        Medication Summary

      </li>
      <ul>

        

          <li>

            Fosamax 70 mg tablets

          </li>
        

          <li>

            Metformine + sitagliptine

          </li>
        

          <li>

            Fluticasone 92mcg + vilanterol 22mcg

          </li>
        

          <li>

            Digoxin

          </li>
        
      </ul>

    
  </ul>
</div>
  </text>
  <status value="final"/>
  <type>
    <coding>
      <system value="http://loinc.org"/>
      <code value="60591-5"/>
      <display value="Patient summary Document"/>
    </coding>
  </type>
  <subject>
    <reference value="Patient/cecilia-patient"/>
    <display value="Cecilia Gravitate"/>
  </subject>
  <date value="2018-07-10T15:22:00+02:00"/>
  <author>
    <reference value="Practitioner/cecilia-pract"/>
    <display value="Dr. Anna Karlsson"/>
  </author>
  <title value="Patient Summary (Cecilia Gravitate)"/>
  <confidentiality value="N"/>
  <section>
    <title value="Problem List"/>
    <code>
      <coding>
        <system value="http://loinc.org"/>
        <code value="11450-4"/>
        <display value="Problem list Reported"/>
      </coding>
    </code>
    <entry>
      <reference value="Condition/cecilia-cond-1"/>
      <display value="COPD"/>
    </entry>
    <entry>
      <reference value="Condition/cecilia-cond-2"/>
      <display value="Diabetese Type 2"/>
    </entry>
    <entry>
      <reference value="Condition/cecilia-cond-3"/>
      <display value="Osteoporosis"/>
    </entry>
    <entry>
      <reference value="Condition/cecilia-cond-4"/>
      <display value="Congestive Heart Failure"/>
    </entry>
  </section>
  <section>
    <title value="Medication Summary"/>
    <code>
      <coding>
        <system value="http://loinc.org"/>
        <code value="10160-0"/>
        <display value="Hx of Medication use"/>
      </coding>
    </code>
    <entry>
      <reference value="MedicationStatement/cecilia-med-stat-1"/>
      <display value="Fosamax 70 mg tablets"/>
    </entry>
    <entry>
      <reference value="MedicationStatement/cecilia-med-stat-2"/>
      <display value="Metformine + sitagliptine"/>
    </entry>
    <entry>
      <reference value="MedicationStatement/cecilia-med-stat-3"/>
      <display value="Fluticasone 92mcg + vilanterol 22mcg"/>
    </entry>
    <entry>
      <reference value="MedicationStatement/cecilia-med-stat-4"/>
      <display value="Digoxin"/>
    </entry>
  </section>
</Composition>