{
  "resourceType" : "Composition",
  "id" : "gravitate-Matilda",
  "text" : {
    "status" : "extensions",
    "div" : "<div xmlns=\"http://www.w3.org/1999/xhtml\">\n  \n    <b>Id:</b>\n    gravitate-Matilda\n  <br/>\n  \n    <b>status:</b>\n    final\n  <br/>\n  \n    <b>Type:</b>\n    Patient summary Document\n  <br/>\n  \n    <b>Subject:</b>\n    <a>Matilda Gravitate</a>\n  \n\n  <br/>\n  <b>Sections:</b>\n  <br/>\n\n  <ul>\n    \n      <li>\n\n        Problem List\n\n      </li>\n      <ul>\n\n        \n\n          <li>\n\n            Crohn's disease\n\n          </li>\n        \n      </ul>\n\n    \n      <li>\n\n        Medication Summary\n\n      </li>\n      <ul>\n\n        \n\n          <li>\n\n            Humira 40 mg\n\n          </li>\n        \n\n          <li>\n\n            Paracetamol 500 mg\n\n          </li>\n        \n\n          <li>\n\n            Pentasa 1g mesalazine\n\n          </li>\n        \n      </ul>\n\n    \n  </ul>\n</div>"
  },
  "status" : "final",
  "type" : {
    "coding" : [{
      "system" : "http://loinc.org",
      "code" : "60591-5",
      "display" : "Patient summary Document"
    }]
  },
  "subject" : {
    "reference" : "Patient/matilda-patient",
    "display" : "Matilda Gravitate"
  },
  "date" : "2018-07-10T15:22:00+02:00",
  "author" : [{
    "reference" : "Practitioner/matilda-pract",
    "display" : "Dr. Ana Lopez"
  }],
  "title" : "Patient Summary (Matilda Gravitate)",
  "confidentiality" : "N",
  "section" : [{
    "title" : "Problem List",
    "code" : {
      "coding" : [{
        "system" : "http://loinc.org",
        "code" : "11450-4",
        "display" : "Problem list Reported"
      }]
    },
    "entry" : [{
      "reference" : "Condition/matilda-cond-1",
      "display" : "Crohn's disease"
    }]
  },
  {
    "title" : "Medication Summary",
    "code" : {
      "coding" : [{
        "system" : "http://loinc.org",
        "code" : "10160-0",
        "display" : "Hx of Medication use"
      }]
    },
    "entry" : [{
      "reference" : "MedicationStatement/matilda-med-stat-1",
      "display" : "Humira 40 mg"
    },
    {
      "reference" : "MedicationStatement/matilda-med-stat-2",
      "display" : "Paracetamol 500 mg"
    },
    {
      "reference" : "MedicationStatement/matilda-med-stat-3",
      "display" : "Pentasa 1g mesalazine"
    }]
  }]
}