<?xml version="1.0" encoding="UTF-8"?>

<Condition xmlns="http://hl7.org/fhir">
  <id value="cecilia-cond-2"/>
  <text>
    <status value="generated"/><div xmlns="http://www.w3.org/1999/xhtml"><p><b>Generated Narrative: Condition</b><a name="cecilia-cond-2"> </a></p><div style="display: inline-block; background-color: #d9e0e7; padding: 6px; margin: 4px; border: 1px solid #8da1b4; border-radius: 5px; line-height: 60%"><p style="margin-bottom: 0px">Resource Condition &quot;cecilia-cond-2&quot; </p></div><p><b>clinicalStatus</b>: Active <span style="background: LightGoldenRodYellow; margin: 4px; border: 1px solid khaki"> (<a href="http://terminology.hl7.org/5.0.0/CodeSystem-condition-clinical.html">Condition Clinical Status Codes</a>#active)</span></p><p><b>code</b>: Congestive heart failure <span style="background: LightGoldenRodYellow; margin: 4px; border: 1px solid khaki"> (<a href="https://browser.ihtsdotools.org/">SNOMED CT</a>#42343007)</span></p><p><b>subject</b>: <a href="Patient-cecilia-patient.html">Patient/cecilia-patient: Cecilia Gravitate</a> &quot; GRAVITATE&quot;</p><p><b>onset</b>: 2015</p><p><b>asserter</b>: <a href="Practitioner-cecilia-pract.html">Practitioner/cecilia-pract: Dr. Anna Karlsson</a> &quot; KARLSSON&quot;</p></div>
  </text>
  <clinicalStatus>
    <coding>
      <system value="http://terminology.hl7.org/CodeSystem/condition-clinical"/>
      <code value="active"/>
    </coding>
  </clinicalStatus>
  <code>
    <coding>
      <system value="http://snomed.info/sct"/>
      <code value="42343007"/>
      <display value="Congestive heart failure"/>
    </coding>
    <text value="Congestive heart failure"/>
  </code>
  <subject>
    <reference value="Patient/cecilia-patient"/>
    <display value="Cecilia Gravitate"/>
  </subject>
  <onsetDateTime value="2015"/>
  <asserter>
    <reference value="Practitioner/cecilia-pract"/>
    <display value="Dr. Anna Karlsson"/>
  </asserter>
</Condition>