<?xml version="1.0" encoding="UTF-8"?>

<Bundle xmlns="http://hl7.org/fhir">
  <id value="1a4908a9-3b6b-4121-87e0-412785f41649"/>
  <meta>
    <lastUpdated value="2022-12-19T13:05:58.886+00:00"/>
  </meta>
  <type value="collection"/>
  <entry>
    <fullUrl value="http://hl7.eu/fhir/ig/gravitate-health-ips/ValueSet/PDcategoryVS"/>
    <resource>
      <ValueSet>
        <id value="PDcategoryVS"/>
        <text>
          <status value="generated"/>
          <div xmlns="http://www.w3.org/1999/xhtml">
            <p>This value set contains 0 concepts</p>
            <table class="codes">
              <tr>
                <td style="white-space:nowrap">
                  <b>Code</b>
                </td>
                <td>
                  <b>System</b>
                </td>
                <td>
                  <b>Display</b>
                </td>
              </tr>
            </table>
          </div>
        </text>
        <url value="http://hl7.eu/fhir/ig/gravitate-health-ips/ValueSet/PDcategoryVS"/>
        <version value="0.1.0"/>
        <name value="PDcategoryVS"/>
        <status value="active"/>
        <date value="2022-12-19T13:05:58+00:00"/>
        <contact>
          <name value="Gravitate Health Project"/>
          <telecom>
            <system value="url"/>
            <value value="https://www.gravitatehealth.eu/"/>
          </telecom>
        </contact>
        <expansion>
          <identifier value="urn:uuid:c9fc13d1-79e9-4aac-826c-9bf11bfe5d82"/>
          <timestamp value="2022-12-19T13:06:20+00:00"/>
          <parameter>
            <name value="excludeNested"/>
            <valueBoolean value="false"/>
          </parameter>
        </expansion>
      </ValueSet>
    </resource>
  </entry>
  <entry>
    <fullUrl value="http://hl7.eu/fhir/ig/gravitate-health-ips/ValueSet/PDtypeVS"/>
    <resource>
      <ValueSet>
        <id value="PDtypeVS"/>
        <text>
          <status value="generated"/>
          <div xmlns="http://www.w3.org/1999/xhtml">
            <p>This value set contains 0 concepts</p>
            <table class="codes">
              <tr>
                <td style="white-space:nowrap">
                  <b>Code</b>
                </td>
                <td>
                  <b>System</b>
                </td>
                <td>
                  <b>Display</b>
                </td>
              </tr>
            </table>
          </div>
        </text>
        <url value="http://hl7.eu/fhir/ig/gravitate-health-ips/ValueSet/PDtypeVS"/>
        <version value="0.1.0"/>
        <name value="PDtypeVS"/>
        <status value="active"/>
        <date value="2022-12-19T13:05:58+00:00"/>
        <contact>
          <name value="Gravitate Health Project"/>
          <telecom>
            <system value="url"/>
            <value value="https://www.gravitatehealth.eu/"/>
          </telecom>
        </contact>
        <expansion>
          <identifier value="urn:uuid:862c8abc-acf8-4ab0-b000-66ad43c65b06"/>
          <timestamp value="2022-12-19T13:06:23+00:00"/>
          <parameter>
            <name value="excludeNested"/>
            <valueBoolean value="false"/>
          </parameter>
        </expansion>
      </ValueSet>
    </resource>
  </entry>
</Bundle>