{
  "resourceType" : "Bundle",
  "id" : "49a1ac10-bfb5-4596-abc3-28b92fcc4555",
  "meta" : {
    "lastUpdated" : "2023-01-13T18:37:09.129+00:00"
  },
  "type" : "collection",
  "entry" : [{
    "fullUrl" : "http://hl7.eu/fhir/ig/gravitate-health-ips/ValueSet/PDcategoryVS",
    "resource" : {
      "resourceType" : "ValueSet",
      "id" : "PDcategoryVS",
      "text" : {
        "status" : "generated",
        "div" : "<div xmlns=\"http://www.w3.org/1999/xhtml\"><p>This value set contains 0 concepts</p><table class=\"codes\"><tr><td style=\"white-space:nowrap\"><b>Code</b></td><td><b>System</b></td><td><b>Display</b></td></tr></table></div>"
      },
      "url" : "http://hl7.eu/fhir/ig/gravitate-health-ips/ValueSet/PDcategoryVS",
      "version" : "0.1.0",
      "name" : "PDcategoryVS",
      "status" : "active",
      "date" : "2023-01-13T18:37:09+00:00",
      "contact" : [{
        "name" : "Gravitate Health Project",
        "telecom" : [{
          "system" : "url",
          "value" : "https://www.gravitatehealth.eu/"
        }]
      }],
      "expansion" : {
        "identifier" : "urn:uuid:203531b5-4fa2-4866-8c2a-dfb2f214029b",
        "timestamp" : "2023-01-13T18:37:48+00:00",
        "parameter" : [{
          "name" : "excludeNested",
          "valueBoolean" : false
        }]
      }
    }
  },
  {
    "fullUrl" : "http://hl7.eu/fhir/ig/gravitate-health-ips/ValueSet/PDtypeVS",
    "resource" : {
      "resourceType" : "ValueSet",
      "id" : "PDtypeVS",
      "text" : {
        "status" : "generated",
        "div" : "<div xmlns=\"http://www.w3.org/1999/xhtml\"><p>This value set contains 0 concepts</p><table class=\"codes\"><tr><td style=\"white-space:nowrap\"><b>Code</b></td><td><b>System</b></td><td><b>Display</b></td></tr></table></div>"
      },
      "url" : "http://hl7.eu/fhir/ig/gravitate-health-ips/ValueSet/PDtypeVS",
      "version" : "0.1.0",
      "name" : "PDtypeVS",
      "status" : "active",
      "date" : "2023-01-13T18:37:09+00:00",
      "contact" : [{
        "name" : "Gravitate Health Project",
        "telecom" : [{
          "system" : "url",
          "value" : "https://www.gravitatehealth.eu/"
        }]
      }],
      "expansion" : {
        "identifier" : "urn:uuid:0e8a7ad4-ce8a-492f-bdb8-438d2466f842",
        "timestamp" : "2023-01-13T18:37:51+00:00",
        "parameter" : [{
          "name" : "excludeNested",
          "valueBoolean" : false
        }]
      }
    }
  }]
}