{
  "resourceType" : "Medication",
  "id" : "fdb5c97f-0a46-41ba-bc34-2efd2ef2f7eu",
  "text" : {
    "status" : "generated",
    "div" : "<div xmlns=\"http://www.w3.org/1999/xhtml\"><p><b>Generated Narrative: Medication</b><a name=\"fdb5c97f-0a46-41ba-bc34-2efd2ef2f7eu\"> </a></p><div style=\"display: inline-block; background-color: #d9e0e7; padding: 6px; margin: 4px; border: 1px solid #8da1b4; border-radius: 5px; line-height: 60%\"><p style=\"margin-bottom: 0px\">Resource Medication &quot;fdb5c97f-0a46-41ba-bc34-2efd2ef2f7eu&quot; </p></div><p><b>code</b>: Boots Decongestant 0.05% w/v Nasal spray <span style=\"background: LightGoldenRodYellow; margin: 4px; border: 1px solid khaki\"> (man#16028/0049; phpid#0xF79CABF272B6A7EEF104DDDA44E82716 &quot;Oxymetazoline hydrochloride, 0.5 mg/ 1 ml, Nasal spray, solution&quot;; <a href=\"http://terminology.hl7.org/5.0.0/CodeSystem-v3-WC.html\">WHO ATC</a>#R01AA05 &quot;oxymetazoline&quot;)</span></p><p><b>form</b>: Nasal spray, solution <span style=\"background: LightGoldenRodYellow; margin: 4px; border: 1px solid khaki\"> ()</span></p><h3>Ingredients</h3><table class=\"grid\"><tr><td>-</td><td><b>Item[x]</b></td><td><b>Strength</b></td></tr><tr><td>*</td><td>oxymetazoline hydrochloride <span style=\"background: LightGoldenRodYellow; margin: 4px; border: 1px solid khaki\"> (<a href=\"http://terminology.hl7.org/5.0.0/CodeSystem-UNII.html\">Unique Ingredient Identifier (UNII)</a>#K89MJ0S5VY)</span></td><td>0.05 mg<span style=\"background: LightGoldenRodYellow\"> (Details: UCUM code mg = 'mg')</span>/1 ml<span style=\"background: LightGoldenRodYellow\"> (Details: UCUM code ml = 'ml')</span></td></tr></table></div>"
  },
  "code" : {
    "coding" : [{
      "system" : "https://www.gravitatehealth.eu/sid/man",
      "code" : "16028/0049",
      "display" : "Boots Decongestant 0.05% w/v Nasal spray"
    },
    {
      "system" : "https://www.who-umc.org/phpid",
      "code" : "0xF79CABF272B6A7EEF104DDDA44E82716",
      "display" : "Oxymetazoline hydrochloride, 0.5 mg/ 1 ml, Nasal spray, solution"
    },
    {
      "system" : "http://www.whocc.no/atc",
      "code" : "R01AA05",
      "display" : "oxymetazoline"
    }]
  },
  "form" : {
    "text" : "Nasal spray, solution"
  },
  "ingredient" : [{
    "itemCodeableConcept" : {
      "coding" : [{
        "system" : "http://fdasis.nlm.nih.gov",
        "code" : "K89MJ0S5VY",
        "display" : "oxymetazoline hydrochloride"
      }],
      "text" : "oxymetazoline hydrochloride"
    },
    "strength" : {
      "numerator" : {
        "value" : 0.05,
        "system" : "http://unitsofmeasure.org",
        "code" : "mg"
      },
      "denominator" : {
        "value" : 1,
        "system" : "http://unitsofmeasure.org",
        "code" : "ml"
      }
    }
  }]
}